id,theme,name,place_id,attrs,source_page,confidence,notes
chaume-sourgchamps,chaume,Sourgchamps,,gistes=1; provostship=provostship-saint-die; also=Mensberg,118,,
chaume-lemmersgoulte,chaume,Lemmersgoulte,,gistes=1; provostship=provostship-bruyeres; also=Gauritz,118,,
chaume-fonyer,chaume,Fonyer,,gistes=1; provostship=provostship-bruyeres; also=Schirmbsberg,118,,
chaume-bellefirst,chaume,Bellefirst,,gistes=2; provostship=provostship-bruyeres,118,,
chaume-bebeuriedi,chaume,Bebeuriedi,,gistes=1; provostship=provostship-bruyeres,118,,
chaume-la-plaine-du-hault-de-chaulme,chaume,La plaine du Hault-de-Chaulme,,provostship=provostship-arches; also=Hobeneck,118,,
chaume-schliechtli,chaume,Schliechtli,,gistes=4; provostship=provostship-arches,118,,
chaume-vespremont,chaume,Vespremont,,gistes=1; provostship=provostship-arches,118,,
chaume-schmalgurtel,chaume,Schmalgurtel,,gistes=4; provostship=provostship-arches,118,,
chaume-sainct-jacques,chaume,Sainct-Jacques,,gistes=1; provostship=provostship-arches; also=Jorbsperg,118,,
chaume-groulin,chaume,Groulin,,gistes=3; provostship=provostship-arches; also=Grawel,118,,
chaume-furstumss,chaume,Furstumss,,gistes=2; provostship=provostship-arches,118,,
chaume-ficheral,chaume,Ficheral,,gistes=2; provostship=provostship-arches; also=Fischern et Champy,118,,
chaume-breytsossern,chaume,Breytsossern,,gistes=2; provostship=provostship-arches,118,,
chaume-brambach,chaume,Brambach,,gistes=1; provostship=provostship-arches; also=le Hault-Rouan,119,,
chaume-altemberg,chaume,Altemberg,,gistes=1; provostship=provostship-arches; also=la Vielle-Montagne,119,,
chaume-rotembach,chaume,Rotembach,,gistes=1; provostship=provostship-arches,119,,
chaume-pettershuttly,chaume,Pettershuttly,,gistes=1; provostship=provostship-arches,119,,
chaume-wintheraw,chaume,Wintheraw,,gistes=2; provostship=provostship-arches; also=Ventron,119,,
chaume-vinthersee,chaume,Vinthersée,,gistes=1; provostship=provostship-arches,119,,
chaume-forgoutte,chaume,Forgoutte,,gistes=2; provostship=provostship-arches,119,,
chaume-fayling,chaume,Fayling,,gistes=1; provostship=provostship-arches; also=Drumont,119,,
chaume-newelden,chaume,Newelden,,gistes=2; provostship=provostship-arches,119,,
chaume-ballon,chaume,Ballon,,gistes=1; provostship=provostship-arches,119,,
