place_id,tenure,holder_id,share,share_with,via_entry,source_page,confidence,notes
nancy,domain,duchy-lorraine,,,1,35,,
saint-nicolas,domain,duchy-lorraine,,,2,36,,
la-malgrange,domain,duchy-lorraine,,,3,36,,
le-saulrupt,domain,duchy-lorraine,,,4,36,,
art-sur-meurlhe,domain,duchy-lorraine,,,5,36,,
champigneulles,domain,duchy-lorraine,,,6,36,,
dombasle,domain,duchy-lorraine,,,7,36,,
frouard,domain,duchy-lorraine,,,8,36,,
gerarcourt,domain,duchy-lorraine,,,9,36,,
heillecourt,domain,duchy-lorraine,,,10,36,,
houdemont,domain,duchy-lorraine,,,11,36,,
houdelmont,domain,duchy-lorraine,,,12|1765,36,,
jarville,domain,duchy-lorraine,,,13,36,,
laxou,domain,duchy-lorraine,,,14,36,,
lupcouri,domain,duchy-lorraine,,,15,36,,
ludres,domain,duchy-lorraine,,,16,36,,
laneuvevillc-devant-naney,domain,duchy-lorraine,,,17,36,,
malzeville,domain,duchy-lorraine,,,18,36,,
maxeville,domain,duchy-lorraine,,,19,36,,
manoncourt-en-vcrmois,domain,duchy-lorraine,,,20,36,,
pulnoy,domain,duchy-lorraine,,,21,36,,
picrrevillc,domain,duchy-lorraine,,,22,36,,
parey-saint-cesaire,domain,duchy-lorraine,,,23,36,,
remicourt,domain,duchy-lorraine,,,24,36,,
richardmenil,domain,duchy-lorraine,,,25,36,,
varangeville,domain,duchy-lorraine,,,26,36,,
vandoeuvre,domain,duchy-lorraine,,,27,36,,
villc-en-vcrmois,domain,duchy-lorraine,,,28,36,,
villers-les-nancy,domain,duchy-lorraine,,,29,36,,
azelot,clergy,,,,30,37,,
anthelupt,clergy,,,,31,37,,
bouxieres-aux-dames,clergy,,,,32,37,,
burthecourt-aux-chenes,clergy,,,,33,37,,
clairlicu,clergy,,,,34,37,,
crevic,clergy,,,,35,37,,
saint-don,clergy,,,,36,37,,
eulmont,clergy,,,,37,37,,
hainvau,clergy,,,,38,37,,
fiavigny-sur-moselle,clergy,,,,39,37,,
grand-yezin,clergy,,,,40,37,,
hudivillcr,clergy,,,,41,37,,
lay-saint-cristophe,clergy,,,,42,37,,
mangonville,clergy,,,,43,37,,
froville,clergy,,,,44|154,37,,
somir-erviller,clergy,,,,45,37,,
varangeville,clergy,,,,46,37,,
benney,fief,,,,47,37,,
bosserville,fief,,,,48,37,,
crevechamps,fief,,,,49,37,,
crantenoy,fief,,,,50,37,,
ceinlrey,fief,,,,51,37,,
dombasle,fief,,,,52,37,,
dommartemont,fief,,,,53,37,,
essey-ies-isancy,fief,,,,54,37,,
fjeville,fief,,,,55,37,,
gerbecourt-ct-iiaplemont,fief,,,,56,38,,
haroue,fief,,,,57,38,,
herbemoui,fief,,,,58,38,,
haplemont,fief,,,,59,38,,
jcvoncourt,fief,,,,60|85|898,38,,
jarville,fief,,,,61,38,,
lcnoncourt,fief,,,,62,38,,
lcrnainvillc,fief,,,,63,38,,
laneuveville-devam-bayon,fief,,,,64,38,,
merevilic,fief,,,,65,38,,
messcin,fief,,,,66,38,,
maron,fief,,,,67,38,,
malzeville,fief,,,,68,38,,
nctivillcr-sur-mosdlc,fief,,,,69,38,,
ormes,fief,,,,70,38,,
affracourt,fief,,,,71,38,,
pulligny,fief,,,,72,38,,
pixerecourl,fief,,,,73,38,,
remicourt,fief,,,,74,38,,
saint-max,fief,,,,75,38,,
sechamps,fief,,,,76,38,,
saint-remimont,fief,,,,77,38,,
saulxures-les-nancy,fief,,,,78,38,,
vaudeville,fief,,,,79,38,,
tomblaine,fief,,,,80,38,,
vaudigny,fief,,,,81,38,,
voinemont,fief,,,,82,38,,
ville-sur-madon,fief,,,,83,38,,
xirocourt,fief,,,,84,38,,
avant-garde,fief,,,,87,38,,
pompey,fief,,,,88,38,,
marbache,fief,,,,89,38,,
saizerais,fief,,,,90|91,38,,
avrainvillc,fief,,,,92,39,,
belleville,fief,,,,93,39,,
blenod-les-pont-a-mousson,fief,,,,94|1947,39,,
fey-cn-haye,fief,,,,95|110,39,,
griscourt,fief,,,,96,39,,
jezainville,fief,,,,97|1974,39,,
gezoneourt,fief,,,,98,39,,
sainte-genevieve,fief,,,,99,39,,
saint-jean-pierrefort,fief,,,,100,39,,
mamey,fief,,,,101|112,39,,
martincourt,fief,,,,102,39,,
montauville,fief,,,,103|113,39,,
pierrefort,fief,,,,104,39,,
rosieres-en-haye,fief,,,,105,39,,
regnievillc,fief,,,,106|116,39,,
remenauville,fief,,,,107|115,39,,
villcrs-cn-haye,fief,,,,108,39,,
fiircy,fief,,,,109,39,,
limey,fief,,,,111,39,,
maidiures,fief,,,,114,39,,
le-chatelet,fief,,,,117,39,,
autigny-la-tour,fief,,,,118,39,,
attigneville,fief,,,,119,39,,
coussey,fief,,,,120,39,,
harchechamp,fief,,,,121,39,,
fruzc,fief,,,,122,39,,
oulrancourt,fief,,,,123,40,,
pompierre,fief,,,,124,40,,
rouvres-la-chetive,fief,,,,125,40,,
sartes,fief,,,,126,40,,
chaligny,fief,,,,127,40,,
pont-saint-vincent,fief,,,,128,40,,
laval,fief,,,,129,40,,
neuves-maisons,fief,,,,130,40,,
chavigny,fief,,,,131,40,,
lorey,fief,,,,132,40,,
commcrcy,fief,,,,133,40,,
vignot,fief,,,,134,40,,
malaumont,fief,,,,135,40,,
meligny-ie-giand,fief,,,,136,40,,
meligny-ie-petit,fief,,,,137,40,,
vaux-la-grande,fief,,,,138,40,,
vaux-ia-petite,fief,,,,139,40,,
chonville,fief,,,,140|1956,40,,
longor,fief,,,,141,40,,
saint-aubin,fief,,,,142|2030,40,,
lcrouville,fief,,,,143,40,,
rusieres-aux-saiines,domain,duchy-lorraine,,,144,40,,
einvaux,domain,duchy-lorraine,part,,145,40,,
damas-aux-bois,domain,duchy-lorraine,,,146|1807,40,,
montzey,domain,duchy-lorraine,,,147|1810,40,,
portieux,domain,duchy-lorraine,,,148,40,,
saint-remy-aux-bois,domain,duchy-lorraine,1/2,,149|1806,41,,
vennezey,domain,duchy-lorraine,part,,150,41,,
blainville-sur-reau,clergy,,,,151,41,,
borville,clergy,,,,152,41,,
essey-la-cotc-anton-de-gerbeviller,clergy,,,,153,41,,
haigneville,clergy,,,,155,41,,
mehoncourt,clergy,,,,156,41,,
moriviller,clergy,,,,157,41,,
moycmont,clergy,,,,158,41,,
gerbeviller,clergy,,,,159|164,41,,
virecourt,clergy,,,,160,41,,
vennezey,clergy,,,,161,41,,
nctivillcr-sur-mosdlc,clergy,,,,162,41,,
landecourt,clergy,,,,163,41,,
bayon,fief,,,,165,41,,
barbonvillc,fief,,,,166,41,,
charmois,fief,,,,167,41,,
coiviller,fief,,,,168,41,,
clayeurcs,fief,,,,169,41,,
damelcvieres,fief,,,,170,41,,
blainville-sur-reau,fief,,,,171|259,41,,
domptail-en-1-air,fief,,,,172,41,,
deinvillers,fief,,,,173,41,,
domevre,fief,,,,174,41,,
bremoncourl,fief,,,,175,41,,
froville,fief,,,,176,41,,
franconville,fief,,,,177,41,,
fcrricres,fief,,,,178,41,,
fauconcourt,fief,,,,179,42,,
fraimbois,fief,,,,180,42,,
gerbeviller,fief,,,,181,42,,
giriviller,fief,,,,182,42,,
haussonville,fief,,,,183,42,,
landecourt,fief,,,,184,42,,
lamath,fief,,,,185|265,42,,
mehoncourt,fief,,,,186,42,,
magnien-s,fief,,,,187,42,,
mexel,fief,,,,188,42,,
mattexey,fief,,,,189,42,,
moranviller,fief,,,,190,42,,
saint-pierremont,fief,,,,191,42,,
romont,fief,,,,192,42,,
remenoville,fief,,,,193,42,,
rozelieures,fief,,,,194,42,,
romain,fief,,,,195,42,,
saffais,fief,,,,196,42,,
sainl-mard,fief,,,,197,42,,
sainte-marie,fief,,,,198,42,,
saint-maurice,fief,,,,199,42,,
seranville,fief,,,,200,42,,
tonnoy,fief,,,,201,42,,
v-le,fief,,,,202,42,,
vallois,fief,,,,203,42,,
vigneules,fief,,,,204,42,,
chamagne,fief,,,,205|1825,42,,
einvillc,domain,duchy-lorraine,,,206,42,,
bonviller,domain,duchy-lorraine,,,207,42,,
crion,domain,duchy-lorraine,,,208,42,,
parroy,domain,duchy-lorraine,part,,209,42,,
henamenil,domain,duchy-lorraine,,,210,42,,
sionviller,domain,duchy-lorraine,,,211,42,,
bienville-la-petite,domain,duchy-lorraine,,,212,42,,
leomont,clergy,,,,213,43,,
bonneval,clergy,,,,214,43,,
vitrimont,clergy,,,,215,43,,
bures,clergy,,,,216,43,,
xousse,clergy,,,,217,43,,
bathelemont-les-bauzemont,clergy,,,,218,43,,
lezcy,clergy,,,,219,43,,
haraucourt,fief,,,,220,43,,
hincourt,fief,,,,221,43,,
arracourt,fief,,,,222,43,,
bauzcmont,fief,,,,223,43,,
parroy,fief,,,,224,43,,
drouville,fief,,,,225,43,,
valhey,fief,,,,226,43,,
raville,fief,,,,227,43,,
maixe,fief,,,,228,43,,
crion,fief,,,,229,43,,
gellenoncourt,fief,,,,230,43,,
henamenil,fief,,,,231,43,,
sionviller,fief,,,,232,43,,
foucquerey,fief,,,,233,43,,
athienville,fief,,,,234|267,43,,
bienville-la-petite,fief,,,,235,43,,
lunevihc,domain,duchy-lorraine,,,236,43,,
viller,domain,duchy-lorraine,,,237,43,,
menil,domain,duchy-lorraine,,,238,43,,
rehainviller,domain,duchy-lorraine,,,239,43,,
moncel-les-luneville,domain,duchy-lorraine,,,240,43,,
herimenil,domain,duchy-lorraine,,,241,44,,
adomenil,domain,duchy-lorraine,,,242,44,,
domevre-sur-vezouse,domain,duchy-lorraine,part,,243|2055,44,,
laneuvcville-aux-bois,domain,duchy-lorraine,part,,244,44,,
beaupre,clergy,,,,245,44,,
belchamp,clergy,,,,246,44,,
verdenal,clergy,,,,247,44,,
manonviller,clergy,,,,248,44,,
giriviller,clergy,,,,249,44,,
beaulieu,clergy,,,,250,44,,
benamenil,clergy,,,,251,44,,
marainviller,clergy,,,,252,44,,
haudonville,clergy,,,,253,44,,
thiebaumenil,clergy,,,,254,44,,
haudonville,fief,,,,255,44,,
joiivct,fief,,,,256,44,,
serres,fief,,,,257,44,,
glonville,fief,,,,258,44,,
domjevin,fief,,,,260,44,,
xermamenil,fief,,,,261,44,,
herimenil,fief,,,,262,44,,
mont,fief,,,,263,44,,
mortagnc,fief,,,,264,44,,
chanleheux,fief,,,,266,44,,
saint-die,domain,duchy-lorraine,,,273,45,,
lubine,domain,duchy-lorraine,,,274|302,45,,
wisembach,domain,duchy-lorraine,,,275,45,,
le-repas,domain,duchy-lorraine,,,276,45,,
laycgotttlc,domain,duchy-lorraine,,,277,45,,
bonipaire,domain,duchy-lorraine,,,278,45,,
combrimont,domain,duchy-lorraine,,,279,45,,
la-verpelliere,domain,duchy-lorraine,part,,280,45,,
anould,domain,duchy-lorraine,,,281,45,,
sainte-marguerite,domain,duchy-lorraine,,,282,45,,
dcveline,domain,duchy-lorraine,,,283,45,,
chalgoulte,domain,duchy-lorraine,,,284,45,,
spadangea,domain,duchy-lorraine,,,285,45,,
le-paire,domain,duchy-lorraine,,,286,45,,
le-souche,domain,duchy-lorraine,,,287,45,,
vaucheres,domain,duchy-lorraine,,,288,45,,
le-vie,domain,duchy-lorraine,,,289|306,45,,
braconeelle,domain,duchy-lorraine,,,290,45,,
les-gouttes,domain,duchy-lorraine,,,291,45,,
la-hardallc,domain,duchy-lorraine,,,292,45,,
la-croix-aux-mines,domain,duchy-lorraine,,,293,45,,
le-chipai,domain,duchy-lorraine,,,294,45,,
la-trouchc,domain,duchy-lorraine,,,295,45,,
sadey,domain,duchy-lorraine,,,296,46,,
lapraye,domain,duchy-lorraine,,,297,46,,
quebrux,domain,duchy-lorraine,,,298,46,,
la-verpelliere,domain,duchy-lorraine,,,299,46,,
algoutle,domain,duchy-lorraine,,,300,46,,
leuvdine,domain,duchy-lorraine,,,301,46,,
clefcy,domain,duchy-lorraine,,,303,46,,
hervafaing,domain,duchy-lorraine,,,304,46,,
sachemont,domain,duchy-lorraine,,,305,46,,
brecoocel,domain,duchy-lorraine,,,307,46,,
rualmont,domain,duchy-lorraine,,,308,46,,
raon-l-eiape,domain,duchy-lorraine,,,309,46,,
ncuvevimc-lez-raon,domain,duchy-lorraine,,,310,46,,
vezeval,domain,duchy-lorraine,,,311,46,,
la-trouche,domain,duchy-lorraine,,,312,46,,
la-ville-dudict-sainct-dicy,clergy,,part,,313,46,,
la-ville-de-raon,clergy,,part,,314,46,,
le-viller,clergy,,,,315,46,,
marzclay,clergy,,,,316,46,,
la-pecherie,clergy,,,,317,47,,
robache,clergy,,,,318,47,,
cleuveey,clergy,,,,319,47,,
sachemont,clergy,,,,320,47,,
le-souche-clefcy,clergy,,,,321,47,,
la-pelliere,clergy,,,,322,47,,
vanifosse,clergy,,,,323|377,47,,
ncuvilier-sur-favc,clergy,,,,324,47,,
sainte-marguerite,clergy,,,,325,47,,
le-fain-messire-thiery,clergy,,,,326,47,,
la-voivrelle,clergy,,,,327,47,,
remomeix,clergy,,,,328,47,,
la-terre-faulquei,clergy,,,,329,47,,
la-caefiee-sue,clergy,,,,330,47,,
hallieure,clergy,,,,331,47,,
la-grande-fosse,clergy,,,,332,47,,
etival,clergy,,,,333,47,,
nonpalelisc,clergy,,,,334,47,,
wiilervule,clergy,,,,335,47,,
fircebymont,clergy,,,,336,47,,
thisserandie,clergy,,,,337,47,,
herbaville,clergy,,,,338,47,,
sauceray,clergy,,,,339,47,,
la-bourgonce,clergy,,,,340,47,,
la-salle,clergy,,,,341,47,,
saint-remy,clergy,,,,342,47,,
le-menil,clergy,,,,343|345,47,,
fosse-la-ham,clergy,,,,344,47,,
le-vivier,clergy,,,,346,47,,
deyfosse,clergy,,,,347,47,,
moyenmnulicr,clergy,,,,348,48,,
saint-biaise,clergy,,,,349,48,,
sainl-prayel,clergy,,,,350,48,,
le-paire-moyenmoulier,clergy,,,,351,48,,
la-chapelle,clergy,,,,352,48,,
denipairc,clergy,,,,353,48,,
le-ban-d-aray,clergy,,,,354,48,,
mandray,clergy,,,,355,48,,
la-haute-mandray,clergy,,,,356,48,,
la-mi-mandray,clergy,,,,357,48,,
la-bassc-mandray,clergy,,,,358,48,,
benifosse,clergy,,,,359,48,,
entre-deux-eaux,clergy,,,,360,48,,
rememont,clergy,,,,361,48,,
fouchifol,clergy,,,,362,48,,
la-cachee-rue,clergy,,,,363,48,,
hameure,clergy,,,,364,48,,
searapt,clergy,,,,365,48,,
vanemont,clergy,,,,366,48,,
saint-leonard,clergy,,,,367,48,,
girompairc,clergy,,,,368,48,,
le-monccl,clergy,,,,369,48,,
ruelle,clergy,,,,370,48,,
sauley,clergy,,,,371,48,,
contramoulin,clergy,,,,372,48,,
le-chesnois-de-saulcy,clergy,,,,373,48,,
bertrimoutier,clergy,,,,374,48,,
frapelle,clergy,,,,375,48,,
provencheres,clergy,,,,376,49,,
laycgotttlc,clergy,,,,378,49,,
lusse,fief,,,,379|412,49,,
lesseux,fief,,,,380|413,49,,
herbaupaire,fief,,,,381|414,49,,
la-payne,fief,,,,382,49,,
taintrux,fief,,,,383,49,,
xainfaing,fief,,,,384,49,,
le-payre,fief,,,,385,49,,
cheuvry,fief,,,,386,49,,
rougeville,fief,,,,387,49,,
merlusses,fief,,,,388,49,,
petite-fosse-la,fief,,,,389,49,,
le-kouaux,fief,,,,390,49,,
les-fouies,fief,,,,391|678,49,,
chatas,fief,,,,392,49,,
nayemont,fief,,,,393,49,,
fraiteux,fief,,,,394,49,,
geminfaing,fief,,,,395|441,49,,
bouras,fief,,,,396,49,,
launois,fief,,,,397,49,,
faycmont,fief,,,,398,49,,
la-fontcnelle,fief,,,,399,49,,
laitre,fief,,,,400,49,,
coinches,fief,,,,401,49,,
fouchifol,fief,,,,402,49,,
contramoulin,fief,,,,403,49,,
sadey,fief,,,,404,49,,
clingouite,fief,,,,405,50,,
saint-leonard,fief,,,,406,50,,
idontctair,fief,,,,407,50,,
anozcl,fief,,,,408,50,,
aubripaire,fief,,,,409|453,50,,
les-cours,fief,,,,410,50,,
provencheres,fief,,,,411,50,,
la-pariee,fief,,,,415,50,,
trois-maisons,fief,,,,416,50,,
thanville,fief,,,,417,50,,
beulay,fief,,,,418,50,,
laveline,fief,,,,419,50,,
raumont,fief,,,,420,50,,
honvillc,fief,,,,421,50,,
la-trouchc,fief,,,,422,50,,
coinchimont,fief,,,,423,50,,
vetupaire,fief,,,,424,50,,
quebrux,fief,,,,425,50,,
la-verpelliere,fief,,,,426,50,,
wisembach,fief,,,,427,50,,
norbepaire,fief,,,,428,50,,
hurbache,fief,,,,429,50,,
saint-jean-d-ormont,fief,,,,430,50,,
la-voivre,fief,,,,431,50,,
la-louvicrc,fief,,,,432,50,,
colroy-la-grandc,fief,,,,433,50,,
raves,fief,,,,434,50,,
ncuvilier-sur-favc,fief,,,,435,50,,
combriniom,fief,,,,436,51,,
ginfosse,fief,,,,437,51,,
grandrupt,fief,,,,438,51,,
le-pairc-el-grandrupt,fief,,,,439,51,,
nayemont-lez-fosses,fief,,,,440,51,,
belrepairc,fief,,,,442,51,,
le-mazcville,fief,,,,443,51,,
aulnes-les-ham,fief,,,,444,51,,
clairgoutte,fief,,,,445,51,,
la-coslelle,fief,,,,446,51,,
menemel,fief,,,,447,51,,
searapt,fief,,,,448,51,,
plainfaing,fief,,,,449,51,,
noiregoutlc,fief,,,,450,51,,
habaurupt,fief,,,,451,51,,
le-valtin,fief,,,,452,51,,
amance,domain,duchy-lorraine,,,454,51,,
chateau-salins,domain,duchy-lorraine,,,455,51,,
salonne,domain,duchy-lorraine,,,456,51,,
lailre-sous-amance,domain,duchy-lorraine,,,457,51,,
ameleeourt,domain,duchy-lorraine,,,458,51,,
courbcssaux,domain,duchy-lorraine,,,459,51,,
villers-ies-moivron,domain,duchy-lorraine,,,460,51,,
bouxieres-aux-chcnes,domain,duchy-lorraine,,,461,51,,
ecuelle,domain,duchy-lorraine,,,462,51,,
moulins,domain,duchy-lorraine,,,463,51,,
agincourt,domain,duchy-lorraine,,,464,51,,
blanzey,clergy,,,,465,52,,
outremont,clergy,,,,466,52,,
salonne,clergy,,,,467,52,,
lucy,clergy,,,,468,52,,
vannecourt,clergy,,,,469,52,,
fresnes-en-saintois,clergy,,,,470,52,,
champenoux,clergy,,,,471,52,,
sorneville,clergy,,,,472,52,,
aboncourt-sur-sehie,clergy,,,,473,52,,
mazerulcs,clergy,,,,474,52,,
leyr,clergy,,,,475,52,,
vaxy,clergy,,,,476,52,,
gerbecourt,clergy,,,,477,52,,
lubccourt,clergy,,,,478,52,,
pulligny-chateau-salins,clergy,,,,479,52,,
morvilie-sur-scille,clergy,,,,480,52,,
moivron,clergy,,,,481,52,,
courbcssaux,clergy,,,,482,52,,
hoeliing,clergy,,,,483,52,,
goin,fief,,,,484,52,,
dommartin-sous-amance,fief,,,,485,52,,
cercueil,fief,,,,486,52,,
laneiivelotie,fief,,,,487,52,,
brin,fief,,,,488,52,,
bioncourt,fief,,,,489,52,,
ajoneourf,fief,,,,490,52,,
thicourt,fief,,,,491,52,,
clemcry,fief,,,,492,52,,
pange,fief,,,,493,52,,
mont-pange,fief,,,,494,52,,
colligny,fief,,,,495,52,,
alaincourl-la-cote,fief,,,,496,52,,
arm-ucourt,fief,,,,497,52,,
lanfroicourt,fief,,,,498,53,,
rupt-les-moivron,fief,,,,499,53,,
arrayc-el-han,fief,,,,500,53,,
thimonville,fief,,,,501,53,,
vathimont,fief,,,,502,53,,
mardigny,fief,,,,503,53,,
chiconrt,fief,,,,504,53,,
vaucremont,fief,,,,505,53,,
stoneourt,fief,,,,506,53,,
villcrs-stoncourt,fief,,,,507,53,,
albrich,fief,,,,508,53,,
hamanges,fief,,,,509,53,,
jallaucourt,fief,,,,510,53,,
aboncourt,fief,,,,511|1789,53,,
xousse,fief,,,,512,53,,
brulangc,fief,,,,513,53,,
thonville,fief,,,,514,53,,
cuslines,domain,duchy-lorraine,,,515,53,,
faulx,domain,duchy-lorraine,,,516|517,53,,
malleloy,domain,duchy-lorraine,,,518,53,,
montenoy,domain,duchy-lorraine,,,519,53,,
millery,clergy,,,,520,53,,
autrewlle,clergy,,,,521,53,,
preny,domain,duchy-lorraine,,,522,53,,
vandelainville,domain,duchy-lorraine,,,523|525,53,,
arnaville,domain,duchy-lorraine,,,524,53,,
chanur-l,domain,duchy-lorraine,,,526,54,,
hageville,domain,duchy-lorraine,,,527,54,,
villecey-sur-mad,domain,duchy-lorraine,,,528,54,,
pagny-sur-moselle,domain,duchy-lorraine,,,529,54,,
regnievillc,domain,duchy-lorraine,,,530,54,,
villers-sous-preny,domain,duchy-lorraine,,,531,54,,
sainte-marie-au-bois,clergy,,,,532,54,,
vieville-en-haye,clergy,,,,533,54,,
villeeel-sur-trin,clergy,,,,534,54,,
norroy-sur-vair,clergy,,,,535|1159,54,,
chamblcy,fief,,,,536,54,,
buzy,fief,,,,537,54,,
jaulny,fief,,,,538,54,,
mars-la-tour,fief,,,,539,54,,
saint-jcan-les-buzy,fief,,,,540,54,,
parfondrupt,fief,,,,541|2017,54,,
haucourt,fief,,,,542,54,,
darmont,fief,,,,543,54,,
bayonville,fief,,,,544|1945,54,,
cuvry,fief,,,,545|1960,54,,
pournoy-la-chelive,fief,,,,546,54,,
boneourt,fief,,,,547,54,,
vandieres,fief,,,,548,54,,
gondrcville,domain,duchy-lorraine,,,549,54,,
bagneux,domain,duchy-lorraine,,,550,54,,
sanzey,domain,duchy-lorraine,,,551,54,,
saint-epvre,clergy,,,,552,55,,
viterne,clergy,,,,553,55,,
sexey-aux-forges,clergy,,,,554,55,,
mallonvtlle,clergy,,,,555,55,,
coiombcy-ics-belles,clergy,,,,556,55,,
villey-le-sec,clergy,,,,557,55,,
bagneux,clergy,,,,558,55,,
selaineourt,clergy,,,,559,55,,
allain-aux-boeufz,clergy,,,,560,55,,
crezillcs,clergy,,,,561,55,,
manoncourt-en-voivrc,clergy,,,,562,55,,
crepey,clergy,,,,563,55,,
thuilley-aux-groseillcs,clergy,,,,564,55,,
aingeray,clergy,,,,565,55,,
marthcmoni,clergy,,,,566,55,,
ochey,clergy,,,,567,55,,
void,clergy,,,,568,55,,
villey-saint-etiennc,clergy,,,,569,55,,
lagney,clergy,,,,570,55,,
luccy,clergy,,,,571,55,,
fonienoy-sur-moselle,fief,,,,572,55,,
vannes-le-chatel,fief,,,,573,55,,
ochey,fief,,,,574,55,,
jubainville,fief,,,,575,55,,
saulxures-les-vannes,fief,,,,576,55,,
mont-le-vignoble,fief,,,,577,55,,
velaine-en-haye,fief,,,,578,55,,
sexey-les-bois,fief,,,,579,56,,
bulligny,fief,,,,580,56,,
villey-le-sec,fief,,,,581,56,,
bruyeres,domain,duchy-lorraine,,,582,56,,
champ-ic-duc,domain,duchy-lorraine,,,583,56,,
vimeni,domain,duchy-lorraine,,,584,56,,
la-ncufville,domain,duchy-lorraine,,,585,56,,
deycimont,domain,duchy-lorraine,,,586,56,,
grandvillcrs,domain,duchy-lorraine,,,587,56,,
memenil,domain,duchy-lorraine,,,588,56,,
fontenay,domain,duchy-lorraine,,,589,56,,
aydoiles,domain,duchy-lorraine,,,590,56,,
dompierre,domain,duchy-lorraine,,,591,56,,
corcieux,domain,duchy-lorraine,,,592,56,,
mariemont,domain,duchy-lorraine,,,593,56,,
rennegoutte,domain,duchy-lorraine,,,594,56,,
neune,domain,duchy-lorraine,,,595,56,,
thin-ville,domain,duchy-lorraine,,,596,56,,
docclles,domain,duchy-lorraine,,,597,57,,
vraichamp,domain,duchy-lorraine,,,598,57,,
pierreponl,domain,duchy-lorraine,,,599,57,,
gugneccurl,domain,duchy-lorraine,,,600,57,,
girecourt,domain,duchy-lorraine,,,601,57,,
yvoux,domain,duchy-lorraine,,,602,57,,
chapelle,domain,duchy-lorraine,,,603,57,,
rosiere-i-la-ou-larosiere,domain,duchy-lorraine,,,604,57,,
aumontzey,domain,duchy-lorraine,,,605,57,,
jussampt,domain,duchy-lorraine,,,606,57,,
herpctmont,domain,duchy-lorraine,,,607,57,,
prey,domain,duchy-lorraine,,,608,57,,
laval-bruyeres,domain,duchy-lorraine,,,609,57,,
lavcline-du-iloux,domain,duchy-lorraine,,,610|702,57,,
granges,domain,duchy-lorraine,,,611,57,,
champdray,domain,duchy-lorraine,,,612,57,,
la-nolle,domain,duchy-lorraine,,,613,57,,
vienvilte,domain,duchy-lorraine,,,614,57,,
brouaumont,domain,duchy-lorraine,,,615,57,,
bellegoutte,domain,duchy-lorraine,,,616,57,,
sur-la-cote,domain,duchy-lorraine,,,617,57,,
vichibure,domain,duchy-lorraine,,,618,57,,
les-cours-corcieux,domain,duchy-lorraine,,,619,57,,
rehaupal,clergy,,,,620|648,57,,
bifontainc,clergy,,,,621|651,57,,
les-poullieres,clergy,,,,622|652,57,,
champdray,clergy,,,,623,57,,
les-champs-de-laxci,clergy,,,,624,57,,
nonzeville,clergy,,,,625|643|650,57,,
boulier,clergy,,,,626|642,57,,
charmois-dcvant-bruyeres,clergy,,,,627|641,57,,
bayecourt,clergy,,,,628|653,57,,
domevre-sur-durbion,clergy,,,,629|654,57,,
villoncourt,clergy,,,,630|655,57,,
rennegoutte,clergy,,,,631,57,,
destord,clergy,,,,632|649,58,,
fremifontaine,clergy,,,,633,58,,
deycimont,clergy,,,,634,58,,
vymesnil,clergy,,,,635,58,,
aydoiles,clergy,,,,636,58,,
fontenay,clergy,,,,637|639,58,,
memenil,clergy,,,,638,58,,
aidolles,clergy,,,,640,58,,
girecourt,clergy,,,,644,58,,
brouvelicures-ch-l-de-canton,clergy,,,,645,58,,
domfaing,clergy,,,,646,58,,
morlagnc,clergy,,,,647,58,,
lepangcs,fief,,,,656,58,,
fimenil,fief,,,,657,58,,
la-houssiere,fief,,,,658,58,,
sur-la-cote,fief,,,,659,58,,
gerbepal,fief,,,,660,58,,
brouvelicures-ch-l-de-canton,fief,,,,661,59,,
domfaing,fief,,,,662,59,,
morlagnc,fief,,,,663,59,,
belmont,fief,,,,664,59,,
void-de-belmont,fief,,,,665,59,,
barbay-scroux,fief,,,,666,59,,
vichibure,fief,,,,667,59,,
ruxurieux,fief,,,,668,59,,
rembaville,fief,,,,669,59,,
chenimenil,fief,,,,670,59,,
chatcau-sur-pcrlc,fief,,,,671,59,,
granges,fief,,,,672,59,,
girecourt,fief,,,,673,59,,
fremifontaine,fief,,,,674,59,,
domevre-sur-durbion,fief,,,,675,59,,
vervezelle,fief,,,,676,59,,
faucompicrre,fief,,,,677,59,,
saint-jean-du-marehe,fief,,,,679,59,,
le-boulay,fief,,,,680,59,,
arches,domain,duchy-lorraine,,,681|682,59,,
archetles,domain,duchy-lorraine,,,683|1864,59,,
geromenil,domain,duchy-lorraine,,,684,59,,
gumenil,domain,duchy-lorraine,,,685,59,,
lamenil,domain,duchy-lorraine,,,686,59,,
agneumenil,domain,duchy-lorraine,,,687,59,,
hadol,domain,duchy-lorraine,,,688,59,,
eloycs,domain,duchy-lorraine,,,689,59,,
senade,domain,duchy-lorraine,,,690,59,,
le-sautelz,domain,duchy-lorraine,,,691,60,,
le-routier,domain,duchy-lorraine,,,692,60,,
pouxeux,domain,duchy-lorraine,,,693,60,,
chaine-goutte,domain,duchy-lorraine,,,694,60,,
chambrc-de-moulin,domain,duchy-lorraine,,,695,60,,
ranfaing,domain,duchy-lorraine,,,696,60,,
verconroye,domain,duchy-lorraine,,,697,60,,
olichamp,domain,duchy-lorraine,,,698,60,,
rouveroye,domain,duchy-lorraine,,,699|1884,60,,
oulrclean,domain,duchy-lorraine,,,700,60,,
tendon,domain,duchy-lorraine,,,701,60,,
xamontarupt,domain,duchy-lorraine,,,703,60,,
hutte,domain,duchy-lorraine,,,704,60,,
la-poirie,domain,duchy-lorraine,,,705,60,,
demange-champ,domain,duchy-lorraine,,,706,60,,
hennezel,domain,duchy-lorraine,,,707,60,,
les-monnclotz,domain,duchy-lorraine,,,708,60,,
le-menil-ramonchamp,domain,duchy-lorraine,,,709,60,,
maisons-de-raon-ce,domain,duchy-lorraine,,,710,60,,
mnilleronfaing,domain,duchy-lorraine,,,711,60,,
le-pont-jeanson,domain,duchy-lorraine,,,712,60,,
le-pont-de-pierre,domain,duchy-lorraine,,,713|2259,60,,
jaileray,domain,duchy-lorraine,,,714,60,,
plombieres,domain,duchy-lorraine,,,715,60,,
moulin,domain,duchy-lorraine,,,716,60,,
foresterie-la-du-ban-de-moulin,domain,duchy-lorraine,,,717,60,,
seux,domain,duchy-lorraine,,,718,60,,
xennois,domain,duchy-lorraine,,,719,60,,
autrive,domain,duchy-lorraine,,,720,60,,
mehachamp,domain,duchy-lorraine,,,721,61,,
ncyvillers,domain,duchy-lorraine,,,722,61,,
saint-ame,domain,duchy-lorraine,,,723,61,,
saint-etienne,domain,duchy-lorraine,,,724,61,,
la-grande-mairie,domain,duchy-lorraine,,,725,61,,
vagney,domain,duchy-lorraine,,,726,61,,
la-poyrie,domain,duchy-lorraine,,,727,61,,
pubas,domain,duchy-lorraine,,,728|735,61,,
conlrexard,domain,duchy-lorraine,,,729,61,,
gerbamonl,domain,duchy-lorraine,,,730|743,61,,
cremanviller,domain,duchy-lorraine,,,731,61,,
vixard,domain,duchy-lorraine,,,732,61,,
la-nol,domain,duchy-lorraine,,,733,61,,
lejols,domain,duchy-lorraine,,,734,61,,
la-prclle,domain,duchy-lorraine,,,736,61,,
trougcmont,domain,duchy-lorraine,,,737,61,,
les-amyas,domain,duchy-lorraine,,,738,61,,
les-graviers,domain,duchy-lorraine,,,739,61,,
rochesson,domain,duchy-lorraine,,,740,61,,
planois,domain,duchy-lorraine,,,741,61,,
la-poirie-saulxures,domain,duchy-lorraine,,,742,61,,
pecaviller,domain,duchy-lorraine,,,744,61,,
zainvillcr,domain,duchy-lorraine,,,745,61,,
cens-la-vhle,domain,duchy-lorraine,,,746,61,,
gcrardmer,domain,duchy-lorraine,,,747,61,,
la-bresse,domain,duchy-lorraine,,,748,61,,
longchamp,domain,duchy-lorraine,,,749,61,,
franould,domain,duchy-lorraine,,,750,61,,
rupt,domain,duchy-lorraine,,,751,61,,
la-poirie-dommarlin,domain,duchy-lorraine,,,752,62,,
vecoux,domain,duchy-lorraine,,,753,62,,
reherrey,domain,duchy-lorraine,,,754,62,,
lepangc,domain,duchy-lorraine,,,755,62,,
la-dcrmanville,domain,duchy-lorraine,,,756,62,,
la-roche,domain,duchy-lorraine,,,757,62,,
remanvillcrs,domain,duchy-lorraine,,,758,62,,
le-chene,domain,duchy-lorraine,,,759,62,,
sauli,domain,duchy-lorraine,,,760,62,,
liebauxard,domain,duchy-lorraine,,,761,62,,
fcrdrupt,domain,duchy-lorraine,,,762,62,,
xouaruz,domain,duchy-lorraine,,,763,62,,
ramonchamp,domain,duchy-lorraine,,,764,62,,
letrayc,domain,duchy-lorraine,,,765,62,,
la-mouline,domain,duchy-lorraine,,,766,62,,
etat,domain,duchy-lorraine,,,767,62,,
saint-maurice-ramonchamp,domain,duchy-lorraine,,,768,62,,
bussang,domain,duchy-lorraine,,,769,62,,
remiremont,clergy,,,,770,62,,
le-saint-mont,clergy,,,,771,62,,
herival,clergy,,,,772,62,,
pont,clergy,,,,773,62,,
celles,clergy,,,,774,62,,
quessonviller,clergy,,,,775,62,,
bouvroy,clergy,,,,776,62,,
saint-etienne,clergy,,,,777,62,,
dommartin,clergy,,,,778,63,,
raon-aux-bois,clergy,,,,779,63,,
franould,clergy,,,,780,63,,
saint-ame,clergy,,,,781,63,,
la-battelieule,clergy,,,,782,63,,
les-cotes,clergy,,,,783,63,,
le-moncel,clergy,,,,784,63,,
la-croix,clergy,,,,785,63,,
la-banvoye,clergy,,,,786,63,,
levai,clergy,,,,787,63,,
faymont,clergy,,,,788,63,,
courrupt,clergy,,,,789,63,,
les-chenes,clergy,,,,790,63,,
hamauxard,clergy,,,,791,63,,
outrcmonl,clergy,,,,792,63,,
les-champs,clergy,,,,793,63,,
laitre-val-d-ajol,clergy,,,,794,63,,
larriere,clergy,,,,795,63,,
dandirant,clergy,,,,796,63,,
la-combclle,clergy,,,,797,63,,
le-hario,clergy,,,,798,63,,
olichamp-val-d-ajol,clergy,,,,799,63,,
mercille,clergy,,,,800,63,,
faings-polots-les-ham,clergy,,,,801,63,,
boucliatel,clergy,,,,802,63,,
plombieres,clergy,,part,,803,63,,
jarmenil,fief,,,,804,63,,
moussoux,fief,,,,805,63,,
dounoux,fief,,,,806,63,,
urimenil,fief,,,,807,63,,
geromenil,fief,,,,808,63,,
moyenpal,fief,,,,809,63,,
uzemain,fief,,,,810,63,,
bains,fief,,,,811|831,64,,
raon-aux-bois,fief,,,,812,64,,
le-franc-chazcau,fief,,,,813,64,,
longuet,fief,,,,814,64,,
saint-nabord,fief,,,,815,64,,
vagney,fief,,,,816,64,,
la-foresterie-du-ban-de-vagncy,fief,,,,817,64,,
sapais,fief,,,,818,64,,
rochesson,fief,,,,819,64,,
lcssol,fief,,,,820,64,,
planois,fief,,,,821,64,,
bamont,fief,,,,822|845,64,,
la-poirie-238,fief,,,,823,64,,
les-ainias,fief,,,,824,64,,
pecaviller,fief,,,,825,64,,
zainvillcr,fief,,,,826,64,,
la-prclle,fief,,,,827,64,,
fontaine,fief,,,,828,64,,
cremanviller,fief,,,,829,64,,
brehaviller,fief,,,,830,64,,
le-chanois,fief,,,,832,64,,
xoulce,fief,,,,833,64,,
cornimont,fief,,,,834,64,,
vcnlron,fief,,,,835,64,,
lepangc,fief,,,,836,64,,
maxonchamp,fief,,,,837,64,,
buz,fief,,,,838,64,,
lette,fief,,,,839,64,,
la-roche,fief,,,,840,64,,
fcrdrupt,fief,,,,841,64,,
franould,fief,,,,842,64,,
la-cote,fief,,,,843,64,,
la-poirie-dommarlin,fief,,,,844,65,,
forrcsteric-du-ban-de-longchamps,fief,,,,846,65,,
fresse,fief,,,,847,65,,
pre-derriere,fief,,,,848,65,,
demrupl,fief,,,,849,65,,
le-menil-229,fief,,,,850,65,,
saint-maurice-ramonchamp,fief,,,,851,65,,
charniois-rorgueilicux,fief,,,,852,65,,
fontenoy-la-ville,fief,,,,853|854,65,,
le-menil-bellefontainc,fief,,,,855,65,,
montmotler,fief,,,,856,65,,
tremonzey,fief,,,,857,65,,
xertigny,fief,,,,858,65,,
amcrey,fief,,,,859,65,,
hardemont,fief,,,,860,65,,
la-forei,fief,,,,861,65,,
la-franouze,fief,,,,862,65,,
les-granges-de-plombieres,fief,,,,863,65,,
gremifontaine,fief,,,,864,65,,
c-vrjus,fief,,,,865,65,,
la-chapelle-aux-bois,fief,,,,866,65,,
razey,fief,,,,867,65,,
fougerollcs,fief,,,,868,65,,
charmes-sur-moselle,domain,duchy-lorraine,,,869,65,,
rugney,domain,duchy-lorraine,,,870,65,,
fioremont,domain,duchy-lorraine,,,871,65,,
bralleville,domain,duchy-lorraine,,,872,65,,
gcrmonville,domain,duchy-lorraine,,,873,66,,
gripport,domain,duchy-lorraine,,,874,66,,
soeourt,domain,duchy-lorraine,,,875,66,,
rrantiguy,domain,duchy-lorraine,,,876,66,,
vincey,domain,duchy-lorraine,,,877|1861,66,,
xugney,clergy,,,,878,66,,
gugney-aux-aulx,clergy,,,,879,66,,
essegncy,clergy,,,,880,66,,
bettegney-saint-brice,clergy,,,,881,66,,
evaux-ct-menil,clergy,,,,882,66,,
menil-evaux-ct-menil,clergy,,,,883,66,,
gripport,clergy,,,,884,66,,
soeourt,clergy,,,,885,66,,
saint-firmin,clergy,,,,886,66,,
savigny,fief,,,,887,66,,
bappel,fief,,,,888,66,,
bettegney-saint-brice,fief,,,,889,66,,
ubexy,fief,,,,890,66,,
vieville,fief,,,,891|943,66,,
saint-firmin,fief,,,,892,66,,
evaux-ct-menil,fief,,,,893,66,,
menil-evaux-ct-menil,fief,,,,894,66,,
gugney-aux-aulx,fief,,,,895,66,,
bralleville,fief,,,,896,66,,
gcrmonville,fief,,,,897,66,,
mirecourt,domain,duchy-lorraine,,,899,66,,
la-neuvevihc-souis-montfort,domain,duchy-lorraine,,,900,66,,
remoncourt,domain,duchy-lorraine,,,901,66,,
bazoi-les-et-menil,domain,duchy-lorraine,,,902,66,,
viviers-lez-offroicourt,domain,duchy-lorraine,,,903,67,,
hymont,domain,duchy-lorraine,,,904,67,,
maltaincourt,domain,duchy-lorraine,,,905,67,,
vroville,domain,duchy-lorraine,,,906,67,,
puzieux,domain,duchy-lorraine,,,907,67,,
ramecourt,domain,duchy-lorraine,,,908,67,,
chauffecourt,domain,duchy-lorraine,,,909,67,,
bettoncourt,domain,duchy-lorraine,,,910,67,,
ambacourt,domain,duchy-lorraine,,,911,67,,
villers,domain,duchy-lorraine,,,912,67,,
dombasie-cn-xaintois,domain,duchy-lorraine,,,913,67,,
poussay,clergy,,,,914,67,,
estrennes,clergy,,,,915,67,,
bazoi-les-et-menil,clergy,,,,916,67,,
menil-girecourt-lez-vieville,clergy,,,,917,67,,
they-sous-monifort,clergy,,,,918,67,,
girecourt-lez-yieville,clergy,,,,919,67,,
vieville,clergy,,,,920,67,,
ambacourt,clergy,,,,921,67,,
parey-sous-monlfort,clergy,,,,922,67,,
remoncourt,clergy,,,,923,67,,
ligneville,fief,,,,924,67,,
villel,fief,,,,925,67,,
domjulien,fief,,,,926|927,67,,
offroieourl,fief,,,,928,67,,
girovillcrs-sous-llontfort,fief,,,,929,67,,
mazirot,fief,,,,930,67,,
hareville-sous-monlforl,fief,,,,931,68,,
pont-sur-hadon,fief,,,,932,68,,
oeiicville,fief,,,,933,68,,
bettoncourt,fief,,,,934,68,,
juvaincourt,fief,,,,935,68,,
ramecourt,fief,,,,936|945,68,,
baudricourt,fief,,,,937,68,,
domevrc-sous-montfort,fief,,,,938,68,,
remicourt-mirecourt,fief,,,,939,68,,
bazoi-les-et-menil,fief,,,,940,68,,
estrennes,fief,,,,941,68,,
girecourt-lez-yieville,fief,,,,942,68,,
menil-girecourt-lez-vieville,fief,,,,944,68,,
domvallicr,fief,,,,946,68,,
thiraucourl,fief,,,,947,68,,
dompairc,domain,duchy-lorraine,,,948,68,,
le-val-devant-dompaire,domain,duchy-lorraine,,,949,68,,
avillers,domain,duchy-lorraine,,,950|956,68,,
bouxieres-aux-bois,domain,duchy-lorraine,,,951,68,,
madegney,domain,duchy-lorraine,,,952,68,,
regney,domain,duchy-lorraine,,,953,68,,
vomecourl,domain,duchy-lorraine,,,954|1857,68,,
ba-egncy,domain,duchy-lorraine,,,955,68,,
bouzemont,domain,duchy-lorraine,,,957,68,,
rozeroile,domain,duchy-lorraine,,,958,68,,
velolie-et-tatignecourt,domain,duchy-lorraine,,,959,68,,
valleroy-le-sec,domain,duchy-lorraine,,,960|970,68,,
hagecourt,domain,duchy-lorraine,,,961,68,,
muiieeourt,domain,duchy-lorraine,,,962,69,,
racecourl,domain,duchy-lorraine,,,963,69,,
maroncourt,domain,duchy-lorraine,,,964,69,,
joncy,domain,duchy-lorraine,,,965,69,,
gorhey,domain,duchy-lorraine,,,966,69,,
dommarlin-lcs-ville,domain,duchy-lorraine,,,967,69,,
enssens-la-ville,domain,duchy-lorraine,,,968,69,,
lamerey,domain,duchy-lorraine,,,969,69,,
chenilmont,domain,duchy-lorraine,,,971,69,,
naglaincourt,domain,duchy-lorraine,,,972,69,,
tatignecourl,domain,duchy-lorraine,,,973,69,,
bcttegney,domain,duchy-lorraine,,,974,69,,
uxegney,domain,duchy-lorraine,,,975,69,,
sam-bey,domain,duchy-lorraine,,,976,69,,
chatimont,domain,duchy-lorraine,,,977,69,,
les-neuves-granges,domain,duchy-lorraine,,,978,69,,
humbertois,domain,duchy-lorraine,,,979,69,,
safframenil,domain,duchy-lorraine,,,980,69,,
cone,domain,duchy-lorraine,,,981,69,,
saint-laurent,domain,duchy-lorraine,,,982,69,,
les-forges,domain,duchy-lorraine,,,983,69,,
bainviile,domain,duchy-lorraine,,,984|1001,69,,
ponl-tei-bonfays,domain,duchy-lorraine,,,985,69,,
rancourt,domain,duchy-lorraine,,,986,69,,
escles,domain,duchy-lorraine,,,987,69,,
void-d-escles,domain,duchy-lorraine,,,988,69,,
lerrain,domain,duchy-lorraine,,,989,69,,
viomenil,domain,duchy-lorraine,,,990,69,,
harol,domain,duchy-lorraine,,,991,69,,
longcroyc,domain,duchy-lorraine,,,992,69,,
le-menil-harol,domain,duchy-lorraine,,,993,70,,
putlegney,domain,duchy-lorraine,,,994,70,,
la-rue-sous-llarol,domain,duchy-lorraine,,,995,70,,
charniois-rorgueilicux,domain,duchy-lorraine,,,996,70,,
reblangollc,domain,duchy-lorraine,,,997,70,,
nobaimont,domain,duchy-lorraine,,,998,70,,
thunimonl-ham,domain,duchy-lorraine,,,999,70,,
valfroieourt,domain,duchy-lorraine,,,1000,70,,
frenois,domain,duchy-lorraine,,,1002,70,,
chaumouzcy,clergy,,,,1003|1004,70,,
bonfays,clergy,,,,1005,70,,
le-menil-harol,clergy,,,,1006,70,,
naimont,clergy,,,,1007|1025,70,,
renauvoid,clergy,,,,1008,70,,
oncourl,clergy,,,,1009,70,,
derbamont,clergy,,,,1010,70,,
circourt,clergy,,,,1011,70,,
bocfjiiegney,clergy,,,,1012|1018,70,,
gigney,clergy,,,,1013|1030|1874,70,,
les-ableuveneltes,clergy,,,,1014,70,,
bcttegney,clergy,,,,1015,70,,
tatignecourl,clergy,,,,1016,70,,
gorhey,clergy,,,,1017,70,,
fomercy,clergy,,,,1019,70,,
hennecourt,clergy,,,,1020,70,,
girancourt,clergy,,,,1021,71,,
dommarlin-aux-bois,clergy,,,,1022,71,,
adoncourt,clergy,,,,1023,71,,
le-void-de-girancourl,clergy,,,,1024,71,,
uzemain,clergy,,,,1026,71,,
melomenil,clergy,,,,1027,71,,
thielouze,clergy,,,,1028,71,,
agemont,clergy,,,,1029,71,,
rancourt,clergy,,,,1031,71,,
ville-sur-illon,fief,,,,1032,71,,
joncy,fief,,,,1033,71,,
darnieulics,fief,,,,1034,71,,
varmonzey,fief,,,,1035,71,,
vaubexy,fief,,,,1036,71,,
saint-vallier,fief,,,,1037,71,,
pierreficte,fief,,,,1038,71,,
gigney,fief,,,,1039,71,,
hennecourt,fief,,,,1040|1059,71,,
lavieville,fief,,,,1041,71,,
valleroy-aux-saules,fief,,,,1042,71,,
gclvecourt-ct-adompt,fief,,,,1043,71,,
hagecourt,fief,,,,1044,71,,
abvefvenet-la-grande,fief,,,,1045,71,,
begnecourt,fief,,,,1046,71,,
lcgeville-cl-bonfays,fief,,,,1047,71,,
mazelay,fief,,,,1048,71,,
itue-devant-dompaire,fief,,,,1049,71,,
adompt,fief,,,,1050,71,,
la-neuvevihc-souis-montfort,fief,,,,1051,71,,
bouzemont,fief,,,,1052,71,,
basigny,fief,,,,1053,72,,
blemerey,fief,,1/2,,1054,72,,
dominait-devant-dompaire,fief,,,,1055,72,,
renauvoid,fief,,,,1056,72,,
bocfjiiegney,fief,,,,1057,72,,
fomercy,fief,,,,1058,72,,
derbamont,fief,,,,1060|1062,72,,
circourt,fief,,,,1061,72,,
adoncourt,fief,,,,1063,72,,
darncy,domain,duchy-lorraine,,,1064,72,,
atligny,domain,duchy-lorraine,,,1065,72,,
bonvillet,domain,duchy-lorraine,,,1066,72,,
les-vallois,domain,duchy-lorraine,,,1067,72,,
dommartin-les-vallois,domain,duchy-lorraine,,,1068,72,,
jesonville,domain,duchy-lorraine,,,1069,72,,
senonges,domain,duchy-lorraine,,,1070,72,,
relanges,clergy,,,,1094,73,,
droiteval,clergy,,,,1095,73,,
atligny,clergy,,,,1096,73,,
bonvillet,clergy,,,,1097,73,,
belrupt-darncy,clergy,,,,1098,73,,
dombasle-devanl-darney,clergy,,,,1099,73,,
nonviile,clergy,,,,1100,73,,
viviers-le-gras,clergy,,,,1101,74,,
dombrol-sur-vair,clergy,,,,1102,74,,
passavant,fief,,,,1103,74,,
regneville,fief,,,,1104,74,,
martinvelle,fief,,,,1105,74,,
la-cote-passavant,fief,,,,1106,74,,
monihureux-sur-saone,fief,,,,1107,74,,
nonviile,fief,,,,1108,74,,
rclmont,fief,,,,1109,74,,
dombrol-sur-vair,fief,,,,1110,74,,
saint-basiemonl,fief,,,,1111,74,,
eslcy,fief,,,,1112,74,,
belrupt-darncy,fief,,,,1113,74,,
bulgneville,fief,,,,1114,74,,
contrexeville,fief,,,,1115,74,,
les-granges,fief,,,,1116,74,,
chatenois,domain,duchy-lorraine,,,1117,74,,
neufchaleau,domain,duchy-lorraine,,,1118,74,,
baimois,domain,duchy-lorraine,,,1119,74,,
srcul-le-y-prevote-de-chutcnois,domain,duchy-lorraine,,,1120,74,,
la-courlille,domain,duchy-lorraine,,,1121,74,,
valaincourt,domain,duchy-lorraine,,,1122,74,,
mannccourl,domain,duchy-lorraine,,,1123,74,,
rainville,domain,duchy-lorraine,,,1124,75,,
biecourl,domain,duchy-lorraine,,,1125,75,,
sainl-prancher,domain,duchy-lorraine,,,1126,75,,
rouceux,domain,duchy-lorraine,,,1127,75,,
la-neuveville-sous-ch5tenois,domain,duchy-lorraine,,,1128,75,,
norroy-sur-vair,domain,duchy-lorraine,,,1129,75,,
saint-paul,domain,duchy-lorraine,,,1130,75,,
ollainville,domain,duchy-lorraine,,,1131,75,,
beltnont-sur-vair,domain,duchy-lorraine,,,1132,75,,
saint-remimont-buigneville,domain,duchy-lorraine,,,1133,75,,
auzainviiliers,domain,duchy-lorraine,,,1134,75,,
viocourt,domain,duchy-lorraine,,,1135,75,,
aillanvillc,domain,duchy-lorraine,,,1136,75,,
gonvaux,domain,duchy-lorraine,,,1137,75,,
l-estanges,clergy,,,,1138,75,,
viocourt,clergy,,,,1139,75,,
saint-paul,clergy,,,,1140,75,,
rollamville,clergy,,,,1141,75,,
aouze,clergy,,,,1142,75,,
geincnaincourt,clergy,,,,1143,75,,
mandres-sur-vair,clergy,,,,1144,75,,
rouvres-cn-xaintois,clergy,,,,1145,75,,
vouxey,clergy,,,,1146,75,,
saulxures-lez-bulgneville,clergy,,,,1147,75,,
tolainviltc,clergy,,,,1148,75,,
moncourt,clergy,,,,1149,75,,
hagneville,clergy,,,,1150,75,,
menil-en-xainlois,clergy,,,,1151,75,,
longchamp-chatcnois,clergy,,,,1152,75,,
noncourt,clergy,,,,1153,75,,
gerbonvaux,clergy,,,,1154,75,,
saint-remimont-buigneville,clergy,,,,1155,76,,
aillanvillc,clergy,,,,1156,76,,
auzainviiliers,clergy,,,,1157,76,,
remois,clergy,,,,1158,76,,
balleville,clergy,,,,1160,76,,
rainville,clergy,,,,1161,76,,
martigny-lez-gerbonvaux,clergy,,,,1162,76,,
morclrnaison,clergy,,part,,1163,76,,
gironcourt,fief,,,,1164,76,,
removille,fief,,,,1165,76,,
houecourt,fief,,,,1166,76,,
dommanin-sur-vrainc,fief,,,,1167,76,,
saint-menge,fief,,,,1168,76,,
landaville,fief,,,,1169,76,,
sandaucourt,fief,,,,1170,76,,
beltnont-sur-vair,fief,,,,1171,76,,
bulgneville,fief,,part,,1172,76,,
morclrnaison,fief,,part,,1173,76,,
longchamp-chatcnois,fief,,,,1174|1203,76,,
viocourt,fief,,,,1175,76,,
balleville,fief,,,,1176,76,,
dolaincourt,fief,,,,1177,76,,
courcelles-sous-chatenois,fief,,,,1178,76,,
brancourt,fief,,,,1179,76,,
saint-elophe,fief,,,,1180,76,,
maxey-sur-meuse,fief,,,,1181,76,,
happoncourt,fief,,,,1182,76,,
martigny-lez-gerbonvaux,fief,,,,1183,76,,
soulosse,fief,,,,1184,76,,
gouecoun,fief,,,,1185,76,,
houeville,fief,,,,1186,76,,
barville,fief,,,,1187,76,,
chef-haut,fief,,,,1188|1788,76,,
sommerecoun,fief,,,,1189,77,,
bouzey,fief,,,,1190,77,,
mandres-sur-vair,fief,,,,1191,77,,
tilleux,fief,,,,1192,77,,
cerlilleux,fief,,,,1193,77,,
circourt-neufchuteau,fief,,,,1194,77,,
villard,fief,,,,1195,77,,
breehaincouri,fief,,,,1196,77,,
darncy-aux-chenes,fief,,,,1197,77,,
r-benville,fief,,,,1198,77,,
auzainviiliers,fief,,,,1199,77,,
roncourt,fief,,,,1200,77,,
menil-balleville,fief,,,,1201,77,,
gemonviue,fief,,,,1202,77,,
sierck,domain,duchy-lorraine,,,1204,78,,
kirsclinaumen,domain,duchy-lorraine,,,1205,78,,
obernaumen,domain,duchy-lorraine,,,1206,78,,
kallzweiller,domain,duchy-lorraine,,,1207,78,,
montenach,domain,duchy-lorraine,,,1208,78,,
udensirck,domain,duchy-lorraine,,,1209,78,,
evendorff,domain,duchy-lorraine,,,1210|1275,78,,
valdweistroff,domain,duchy-lorraine,,,1211|1245,78,,
bising,domain,duchy-lorraine,,,1212|1240,78,,
remeling,domain,duchy-lorraine,,,1213,78,,
flatten,domain,duchy-lorraine,,,1214,78,,
relhei,domain,duchy-lorraine,,,1215,78,,
colmen,domain,duchy-lorraine,,,1216,78,,
grindorflf,domain,duchy-lorraine,,,1217,78,,
halslroff,domain,duchy-lorraine,,,1218|1246,78,,
nicdaltdok,domain,duchy-lorraine,,,1219,78,,
monneren,domain,duchy-lorraine,,,1220|1270,78,,
biringen,domain,duchy-lorraine,,,1221|1248,78,,
ober-esch-ou-oberesch,domain,duchy-lorraine,,,1222|1249,78,,
kerling-les-sierek,domain,duchy-lorraine,,,1223|1250,78,,
freching,domain,duchy-lorraine,,,1224,78,,
veckring,domain,duchy-lorraine,,,1225,78,,
lemcstroff,domain,duchy-lorraine,,,1226|1272,78,,
kirseh-les-sicrek,domain,duchy-lorraine,,,1227,78,,
weilen,domain,duchy-lorraine,,,1228,78,,
ocft,domain,duchy-lorraine,,,1229,78,,
hellendorii,domain,duchy-lorraine,,,1230,78,,
merschweiller,domain,duchy-lorraine,,,1231|2227,78,,
apach,domain,duchy-lorraine,,,1232|1479,78,,
bruch,domain,duchy-lorraine,,,1233,78,,
rustroff,domain,duchy-lorraine,,,1234,78,,
mailing,domain,duchy-lorraine,,,1235,78,,
ouderen,domain,duchy-lorraine,,,1236,79,,
launstroft,domain,duchy-lorraine,,,1237,79,,
hymerstroff,domain,duchy-lorraine,,,1238,79,,
tunting,domain,duchy-lorraine,,,1239,79,,
laumesfeld,domain,duchy-lorraine,,,1241|1273,79,,
har-arien,domain,duchy-lorraine,,,1242,79,,
mctrich,domain,duchy-lorraine,,,1243,79,,
kontz-basse,domain,duchy-lorraine,,,1244,79,,
zeurange,domain,duchy-lorraine,,,1247,79,,
flaslroii,domain,duchy-lorraine,,,1251,79,,
furwciler,domain,duchy-lorraine,,,1252,79,,
mcchcrn,domain,duchy-lorraine,,,1253,79,,
fremmesdr-v-m-de-rehlingen,domain,duchy-lorraine,,,1254,79,,
leucken,domain,duchy-lorraine,,,1255,79,,
wochern,domain,duchy-lorraine,,,1256,79,,
gommelangc,domain,duchy-lorraine,,,1257,79,,
gongelfang,domain,duchy-lorraine,,,1258,79,,
bockange,domain,duchy-lorraine,,,1259|1282,79,,
hestroff,domain,duchy-lorraine,,,1260|1351,79,,
kedangc,domain,duchy-lorraine,,,1261,79,,
klang-vil,domain,duchy-lorraine,,,1262,79,,
kemplich,domain,duchy-lorraine,,,1263,79,,
hobling,domain,duchy-lorraine,,,1264,79,,
dalstein,domain,duchy-lorraine,,,1265,79,,
chemery,domain,duchy-lorraine,,,1266,79,,
ingliug,domain,duchy-lorraine,,,1267,79,,
ferange,domain,duchy-lorraine,,,1268,79,,
alz-ing,domain,duchy-lorraine,,,1269,79,,
bibiche,domain,duchy-lorraine,,,1271,80,,
kalembourg,domain,duchy-lorraine,,,1274,80,,
lacroix,domain,duchy-lorraine,,,1276,80,,
rodelach,domain,duchy-lorraine,,,1277,80,,
conde,domain,duchy-lorraine,,,1278,80,,
norihen,domain,duchy-lorraine,,,1279,80,,
megange,domain,duchy-lorraine,,,1280,80,,
guirlange,domain,duchy-lorraine,,,1281,80,,
drogny,domain,duchy-lorraine,,,1283,80,,
piblange,domain,duchy-lorraine,,,1284,80,,
villers-beltnach,clergy,,,,1285,80,,
freislroff,clergy,,,,1286|1311,80,,
ohcrperi,clergy,,,,1287,80,,
perl-ou-niederperl,clergy,,,,1288,80,,
sehndorf,clergy,,,,1289,80,,
nicdaltdok,clergy,,,,1290,80,,
ober-leuken-ou-oberlcuken,clergy,,,,1291,80,,
wochern,clergy,,,,1292,80,,
conde,clergy,,,,1293,80,,
norihen,clergy,,,,1294,80,,
megange,clergy,,,,1295,80,,
guirlange,clergy,,,,1296,80,,
piblange,clergy,,,,1297,80,,
drogny,clergy,,,,1298,80,,
filstroft,clergy,,,,1299,80,,
guerlefang,clergy,,,,1300,80,,
diding,clergy,,,,1301,80,,
epange-3,clergy,,,,1302,81,,
scharhmorther,clergy,,,,1303,81,,
fliessborn,clergy,,,,1304,81,,
hasenholh,clergy,,,,1305,81,,
godchurc,clergy,,,,1306,81,,
schcuren,clergy,,,,1307,81,,
neudlangc,clergy,,,,1308,81,,
bubingen,clergy,,,,1309,81,,
bary,clergy,,,,1310,81,,
chemery,clergy,,,,1312,81,,
freislroff,fief,,,,1313,81,,
kontz-llauic,fief,,,,1314,81,,
anzeling,fief,,,,1315,81,,
budange,fief,,,,1316,81,,
neunkirch,fief,,,,1317,81,,
timstorff,fief,,,,1318,81,,
edelnigen,fief,,,,1319,81,,
bourgesch,fief,,,,1320,81,,
berg,fief,,,,1321,81,,
beurcn,fief,,,,1322,81,,
hechlingen,fief,,,,1323,81,,
schwerdorff,fief,,,,1324,81,,
guerstling,fief,,,,1325,81,,
kilzing,fief,,,,1326,81,,
menskirch,fief,,,,1327,81,,
ritzing,fief,,,,1328,81,,
mclzcresche,fief,,,,1329,81,,
eberswillcr,fief,,,,1330,81,,
golman,fief,,,,1331,81,,
hombourg-auiidcr-kandcl,fief,,,,1332,81,,
waldtvtiss,fief,,,,1333,81,,
bcltsstroff,fief,,,,1334,81,,
ansclnigen,fief,,,,1335,81,,
diding,fief,,,,1336,82,,
kirf,fief,,,,1337,82,,
bettingen,fief,,,,1338|1528,82,,
eimersdorf,fief,,,,1339,82,,
ising,fief,,,,1340,82,,
pomern,fief,,,,1341,82,,
ryol,fief,,,,1342,82,,
rudling,fief,,,,1343,82,,
wies,fief,,,,1344,82,,
zeurange,fief,,,,1345,82,,
mensberg,fief,,,,1346,82,,
monclair-ou-monteclair,fief,,,,1347,82,,
boulay,domain,duchy-lorraine,,,1348,82,,
mehingen,domain,duchy-lorraine,,,1349,82,,
flasgarten,domain,duchy-lorraine,,,1350,82,,
neunkirchen,domain,duchy-lorraine,,,1352,82,,
gross-hemmersdorf,domain,duchy-lorraine,,,1353,82,,
filstroft,domain,duchy-lorraine,,,1354,82,,
theding,domain,duchy-lorraine,,,1355,82,,
rosbruch,domain,duchy-lorraine,,,1356,82,,
volmerange,domain,duchy-lorraine,,,1357,82,,
bethiiigcn,domain,duchy-lorraine,,,1358,82,,
hargarien-aux-mines,domain,duchy-lorraine,,,1359,82,,
ceume,domain,duchy-lorraine,,,1360,82,,
macker,domain,duchy-lorraine,,,1361,82,,
roupeldauge,domain,duchy-lorraine,,,1362,82,,
ottonville,domain,duchy-lorraine,part,,1363,82,,
holling,domain,duchy-lorraine,,,1364,82,,
differten,domain,duchy-lorraine,,,1365,82,,
weibelsskirchen,clergy,,,,1366,82,,
teterchen,clergy,,,,1367,82,,
longeville-les-saint-avold,clergy,,,,1368,83,,
duren,clergy,,,,1369,83,,
villing,clergy,,,,1370,83,,
lymingcn,clergy,,,,1371,83,,
dourd-hal,clergy,,,,1372,83,,
baumbidersstorfi,clergy,,,,1373,83,,
elwingen,clergy,,,,1374,83,,
zondrangc,clergy,,,,1375,83,,
marangc-zondrangc,clergy,,,,1376,83,,
maulveiller,clergy,,,,1377,83,,
varsberg,clergy,,,,1378,83,,
landrefang,clergy,,,,1379,83,,
niderhcim,clergy,,,,1380,83,,
dalcm,clergy,,,,1381,83,,
varize,fief,,,,1382,83,,
les-etangs,fief,,,,1383,83,,
pontigny,fief,,,,1384,83,,
eblange,fief,,,,1385,83,,
titling,fief,,,,1386,83,,
holling,fief,,,,1387,83,,
remclfang,fief,,,,1388,83,,
bockange,fief,,,,1389,83,,
pfeningen,fief,,,,1390,83,,
valmunster,fief,,,,1391,83,,
dalcm,fief,,,,1392,83,,
louircmange,fief,,,,1393,83,,
wciblingen,fief,,,,1394,83,,
wclmeringen,fief,,,,1395,83,,
villing,fief,,,,1396,83,,
guerting,fief,,,,1397,84,,
ham-sous-varsberg,fief,,,,1398,84,,
fait,fief,,,,1399,84,,
vvallerfangen,domain,duchy-lorraine,,,1400,84,,
fraulaulcrn,clergy,,,,1401,84,,
lisdorf,clergy,,,,1402,84,,
ensdorf,clergy,,,,1403,84,,
holzweiler,clergy,,,,1404,84,,
saarwellingen,fief,,,,1405,84,,
griesborn,fief,,,,1406,84,,
roden,fief,,,,1407,84,,
felsberg,fief,,,,1408,84,,
nalbach,fief,,,,1409,84,,
siersberg,domain,duchy-lorraine,,,1410,84,,
nittel,domain,duchy-lorraine,,,1411,84,,
kolchen,domain,duchy-lorraine,,,1412,84,,
rehlingen,domain,duchy-lorraine,,,1413,84,,
rantmelfangen,domain,duchy-lorraine,,,1414,84,,
siersdorf,domain,duchy-lorraine,,,1415,84,,
itzbach,domain,duchy-lorraine,,,1416,84,,
biircn,domain,duchy-lorraine,,,1417,84,,
hargarten,domain,duchy-lorraine,,,1418,84,,
reimsbach,domain,duchy-lorraine,part,,1419,84,,
erbringcn,domain,duchy-lorraine,,,1420,84,,
kerperieh-ilemmersdorf,domain,duchy-lorraine,,,1421|1422,84,,
merchingen,domain,duchy-lorraine,,,1423,85,,
dreisbach,domain,duchy-lorraine,,,1424,85,,
nohn,domain,duchy-lorraine,,,1425,85,,
besseringen,domain,duchy-lorraine,,,1426,85,,
suiiit-gangolph,domain,duchy-lorraine,,,1427,85,,
meillach,clergy,,,,1428,85,,
kcuchingen,clergy,,,,1429,85,,
beckingen,clergy,,,,1430,85,,
pachlen,clergy,,,,1431,85,,
hargarten,clergy,,,,1432,85,,
reimsbach,clergy,,part,,1433,85,,
biezen,clergy,,,,1434,85,,
roden,clergy,,,,1435,85,,
dillingcn,fief,,,,1436,85,,
merchingen,fief,,,,1437,85,,
biircn,fief,,,,1438,85,,
krispeig,fief,,,,1439,85,,
hynicsstorff,fief,,,,1440,85,,
guisingen,fief,,,,1441,85,,
rehlingen,fief,,,,1442,85,,
fickingen,fief,,,,1443,85,,
erbringcn,fief,,,,1444,85,,
nillel,fief,,part,,1445,85,,
schaumberg,domain,duchy-lorraine,,,1467,86,,
tholcy,domain,duchy-lorraine,,,1468,86,,
caste,domain,duchy-lorraine,,,1469,86,,
costenbach,domain,duchy-lorraine,,,1470,86,,
zuracliten,domain,duchy-lorraine,,,1471,86,,
limbacb,domain,duchy-lorraine,,,1472,86,,
lindschcid,domain,duchy-lorraine,,,1473,86,,
thelcy,domain,duchy-lorraine,,,1474,86,,
steinbacb,domain,duchy-lorraine,,,1475,86,,
dersdorf,domain,duchy-lorraine,,,1476,87,,
schellembach,domain,duchy-lorraine,,,1477,87,,
heiiselhofen,domain,duchy-lorraine,,,1478,87,,
aisweilcr,domain,duchy-lorraine,,,1480,87,,
winterbach,domain,duchy-lorraine,,,1481,87,,
marpingen,domain,duchy-lorraine,,,1482,87,,
niederhofen,domain,duchy-lorraine,,,1483,87,,
bliesen,domain,duchy-lorraine,,,1484,87,,
eisweiler,domain,duchy-lorraine,,,1485,87,,
linden,domain,duchy-lorraine,,,1486,87,,
osenbaeh,domain,duchy-lorraine,,,1487,87,,
gronig,domain,duchy-lorraine,,,1488,87,,
gehweiler,domain,duchy-lorraine,,,1489,87,,
buweiler,domain,duchy-lorraine,,,1490,87,,
sambach,domain,duchy-lorraine,,,1491,87,,
goldlktch,domain,duchy-lorraine,,,1492,87,,
bettingen,domain,duchy-lorraine,,,1493,87,,
aussen,domain,duchy-lorraine,,,1494,87,,
wicsbach,domain,duchy-lorraine,,,1495,87,,
secitteldingcn,domain,duchy-lorraine,,,1496,87,,
kassheim,domain,duchy-lorraine,,,1497,87,,
thalecksweiler,domain,duchy-lorraine,,,1498,87,,
sotzweiler,domain,duchy-lorraine,,,1499,87,,
scheuem,domain,duchy-lorraine,,,1500,87,,
neipel,domain,duchy-lorraine,,,1501,87,,
gresaubach,domain,duchy-lorraine,,,1502,87,,
tholcy,clergy,,part,,1503,87,,
thelcy,clergy,,part,,1504,87,,
mondorf,clergy,,,,1505,87,,
harlingen,clergy,,,,1506,87,,
hahnweiler,clergy,,,,1507,87,,
immweiler1-cetion-du-vil-d-oherthu,clergy,,,,1508,87,,
gronig,clergy,,,,1509,87,,
eisweiler,clergy,,,,1510,88,,
kelternostern,clergy,,,,1511,88,,
schellembach,clergy,,,,1512,88,,
sotzweiler,clergy,,,,1514,88,,
osenbaeh,clergy,,,,1515,88,,
wach-llaussen,clergy,,,,1516,88,,
gehweiler,clergy,,,,1517,88,,
linden,clergy,,,,1518,88,,
niederhofen,clergy,,,,1519,88,,
winterbach,clergy,,,,1520,88,,
bliesen,clergy,,,,1521,88,,
aisweilcr,clergy,,,,1522,88,,
marpingen,clergy,,,,1523,88,,
costenbach,clergy,,,,1524,88,,
heckling,clergy,,,,1525,88,,
caste,clergy,,,,1526,88,,
wchingen,fief,,,,1527,88,,
aussen,fief,,,,1529,88,,
limbacb,fief,,,,1530,88,,
lindschcid,fief,,,,1531,88,,
marpingen,fief,,,,1532,88,,
buweiler,fief,,,,1533,88,,
hemtzelbovcn,fief,,,,1534,88,,
apach,fief,,,,1535,88,,
lebcuville,fief,,,,1536|1829,88,,
steinbacb,fief,,,,1537|1538,88,,
schellembach,fief,,,,1539,88,,
dersdorf,fief,,,,1540,88,,
aisweilcr,fief,,,,1541,88,,
niederhofen,fief,,,,1542,88,,
winterbach,fief,,,,1543,88,,
guidersweiler,fief,,,,1544,89,,
namborn,fief,,,,1545,89,,
oberkirchen,fief,house-eberstein,joint,,1546,89,,
oberkirchen,fief,house-oberstein,joint,,1546,89,,
haupersweiler,fief,house-eberstein,joint,,1547,89,,
haupersweiler,fief,house-oberstein,joint,,1547,89,,
sotzweiler,fief,house-eberstein,joint,,1548,89,,
sotzweiler,fief,house-oberstein,joint,,1548,89,,
sleysspaeh,fief,house-eberstein,joint,,1549,89,,
sleysspaeh,fief,house-oberstein,joint,,1549,89,,
griigelhorn,fief,house-eberstein,joint,,1550,89,,
griigelhorn,fief,house-oberstein,joint,,1550,89,,
herchweiler,fief,house-eberstein,joint,,1551,89,,
herchweiler,fief,house-oberstein,joint,,1551,89,,
eppellborn,fief,house-eberstein,joint,,1552,89,,
eppellborn,fief,house-oberstein,joint,,1552,89,,
thelcy,fief,house-eberstein,joint,,1553,89,,
thelcy,fief,house-oberstein,joint,,1553,89,,
eisweiler,fief,house-eberstein,joint,,1554,89,,
eisweiler,fief,house-oberstein,joint,,1554,89,,
rappweiler,fief,house-eberstein,joint,,1555,89,,
rappweiler,fief,house-oberstein,joint,,1555,89,,
freisen,fief,house-eberstein,joint,,1556,89,,
freisen,fief,house-oberstein,joint,,1556,89,,
hobslelen-ou-gbsteten,fief,house-eberstein,joint,,1557,89,,
hobslelen-ou-gbsteten,fief,house-oberstein,joint,,1557,89,,
liesstcrthah-office-de-schambourg,fief,house-eberstein,joint,,1558,89,,
liesstcrthah-office-de-schambourg,fief,house-oberstein,joint,,1558,89,,
guidersweiler,fief,house-eberstein,joint,,1559,89,,
guidersweiler,fief,house-oberstein,joint,,1559,89,,
hahnweiler,fief,house-eberstein,joint,,1560,89,,
hahnweiler,fief,house-oberstein,joint,,1560,89,,
fursehweiler,fief,house-eberstein,joint,,1561,89,,
fursehweiler,fief,house-oberstein,joint,,1561,89,,
reitseheid,fief,house-eberstein,joint,,1562,89,,
reitseheid,fief,house-oberstein,joint,,1562,89,,
wadrill,fief,house-eberstein,joint,,1563,89,,
wadrill,fief,house-oberstein,joint,,1563,89,,
neunkirchen-oilwciler,fief,house-eberstein,joint,,1564,89,,
neunkirchen-oilwciler,fief,house-oberstein,joint,,1564,89,,
seilbach,fief,house-eberstein,joint,,1565,89,,
seilbach,fief,house-oberstein,joint,,1565,89,,
mitiel-bollenbacli,fief,house-eberstein,joint,,1566,89,,
mitiel-bollenbacli,fief,house-oberstein,joint,,1566,89,,
sarreguemines,domain,duchy-lorraine,,,1567,89,,
grosbliederstroff,domain,duchy-lorraine,,,1568,89,,
kleinblittcrsdorf,domain,duchy-lorraine,,,1569,89,,
aucrsmacher,domain,duchy-lorraine,,,1570,89,,
neunkirch,domain,duchy-lorraine,,,1571,89,,
folpcrswillcr,domain,duchy-lorraine,,,1572,89,,
bliescbersing,domain,duchy-lorraine,,,1573,90,,
fcchingcn,domain,duchy-lorraine,,,1574,90,,
bliescbersing,clergy,,,,1575,90,,
giafcnthal,clergy,,,,1576,90,,
tenteling,clergy,,,,1577,90,,
heckcnransbach,clergy,,,,1578,90,,
diebling,clergy,,,,1579,90,,
gersweiler,clergy,,,,1580,90,,
sarreinsming,fief,,,,1581,90,,
witring,fief,,,,1582,90,,
nculgrange,fief,,,,1583,90,,
remelfing,fief,,,,1584,90,,
tenteling,fief,,,,1585,90,,
rouhling,fief,,,,1586,90,,
fcchingcn,fief,,,,1587,90,,
dieuze,domain,duchy-lorraine,,,1588,90,,
lindrc-hautc,domain,duchy-lorraine,,,1589,90,,
zommange,domain,duchy-lorraine,,,1590,90,,
lindre-bassc,domain,duchy-lorraine,,,1591,90,,
angviller,domain,duchy-lorraine,,,1592,90,,
asscnoneourt,domain,duchy-lorraine,,,1593,90,,
tarquimpol,domain,duchy-lorraine,,,1594,90,,
mulcey,domain,duchy-lorraine,,,1595,90,,
kerprich-les-dieuze,domain,duchy-lorraine,,,1596,90,,
guebestroff,domain,duchy-lorraine,,,1597,90,,
blanche-eglise,domain,duchy-lorraine,,,1598,90,,
bisping,domain,duchy-lorraine,,,1599,90,,
loudrcfing,domain,duchy-lorraine,,,1600|1624,90,,
culling,domain,duchy-lorraine,,,1601|1623,90,,
bassing,domain,duchy-lorraine,,,1602|1626,90,,
batlielemont,domain,duchy-lorraine,,,1603,91,,
gelucourt,domain,duchy-lorraine,,,1604|2093,91,,
insming,domain,duchy-lorraine,,,1605|1629,91,,
vallerange,domain,duchy-lorraine,,,1606,91,,
insming,clergy,,part,,1607,91,,
gelucourt,clergy,,part,,1608,91,,
chateau-voue,fief,,,,1609,91,,
guermange,fief,,,,1610,91,,
vuisse,fief,,,,1611,91,,
sotzeiing,fief,,,,1612,91,,
saint-jean-rohrbach,fief,,,,1613,91,,
viller-asscnoncourt,fief,,,,1614,91,,
gueblange,fief,,,,1615,91,,
vintrange,fief,,,,1616,91,,
vahl,fief,,,,1617,91,,
torcheville,fief,,,,1618,91,,
gelucourt,fief,,,,1619,91,,
hampont,fief,,,,1620,91,,
bideslroft,fief,,,,1621,91,,
marimont,domain,duchy-lorraine,,,1622,91,,
domnom,domain,duchy-lorraine,,,1625,91,,
guinzeling,domain,duchy-lorraine,,,1627,91,,
vitiersbourg,domain,duchy-lorraine,,,1628,91,,
nelling,domain,duchy-lorraine,,,1630,91,,
forbach,domain,duchy-lorraine,,,1631,91,,
grening,domain,duchy-lorraine,,,1632,91,,
hellimer,domain,duchy-lorraine,,,1633,92,,
diffembaeh-les-hellimer,domain,duchy-lorraine,,,1634,92,,
teutschen,domain,duchy-lorraine,,,1635,92,,
virming,domain,duchy-lorraine,,,1636,92,,
uunskirich,domain,duchy-lorraine,,,1637,92,,
wargaviue,clergy,,,,1638,92,,
altrippc,clergy,,,,1639,92,,
guenestrolt,clergy,,,,1640,92,,
loudrcfing,fief,,,,1641,92,,
culling,fief,,,,1642,92,,
lostrofjf,fief,,,,1643|1645,92,,
lening,fief,,,,1644,92,,
ilcyligcnner,fief,,,,1646,92,,
diffembaeh-les-hellimer,fief,,,,1647,92,,
rode,fief,,,,1648,92,,
racrange,fief,,,,1649,92,,
nebing,fief,,,,1650,92,,
bouzonville,clergy,,,,1699,94,,
leidingcn,clergy,,,,1700,94,,
mcrtcn,clergy,,,,1701,94,,
bibling,clergy,,,,1702,94,,
vaudemont,domain,duchy-lorraine,,,1738,95,,
vezelise,domain,duchy-lorraine,,,1739,95,,
chaouilley,domain,duchy-lorraine,,,1740,95,,
eulmont-dommaric-eulmont,domain,duchy-lorraine,,,1741,95,,
dommarie-eulmont,domain,duchy-lorraine,,,1742,95,,
praye,domain,duchy-lorraine,,,1743,95,,
frenelic-la-grande,domain,duchy-lorraine,,,1744,95,,
battigny,domain,duchy-lorraine,,,1745,95,,
gelaucourt,domain,duchy-lorraine,,,1746,95,,
diarvillc,domain,duchy-lorraine,,,1747,95,,
houdreville,domain,duchy-lorraine,,,1748,95,,
hammeville,domain,duchy-lorraine,,,1749,95,,
clerey,domain,duchy-lorraine,,,1750,95,,
thev-soub-vaudemont,domain,duchy-lorraine,,,1751,95,,
gugney,domain,duchy-lorraine,,,1752,95,,
forcelles-sous-gugney,domain,duchy-lorraine,,,1753,95,,
thorey,domain,duchy-lorraine,,,1754,96,,
favieres,domain,duchy-lorraine,,,1755,96,,
saulxerotte,domain,duchy-lorraine,,,1756,96,,
vitrey,domain,duchy-lorraine,,,1757,96,,
govillcr,domain,duchy-lorraine,,,1758,96,,
dolcourt,domain,duchy-lorraine,,,1759,96,,
ognevillc,domain,duchy-lorraine,,,1760,96,,
parey-saint-cesaire,domain,duchy-lorraine,part,,1761,96,,
puxe,domain,duchy-lorraine,,,1762,96,,
vclle,domain,duchy-lorraine,,,1763,96,,
souveraincourl,domain,duchy-lorraine,,,1764,96,,
frcnelle-la-petile,clergy,,,,1766,96,,
grimonviller,clergy,,,,1767,96,,
bouzanville,clergy,,,,1768,96,,
repel,clergy,,,,1769,96,,
sion,clergy,,,,1770,96,,
boulaincourt,clergy,,,,1771,96,,
vandeleville,clergy,,,,1772,96,,
thelod,fief,,,,1773,96,,
autrcy,fief,,,,1774,96,,
tanton-lle,fief,,,,1775,96,,
etreval,fief,,,,1776,96,,
forcelles-saint-gorgon,fief,,,,1777,96,,
vroncourl,fief,,,,1778,96,,
quevilloncourt,fief,,,,1779,96,,
omelmont,fief,,,,1780,96,,
courcelles,fief,,,,1781,96,,
boulaincourt,fief,,,,1782,96,,
pulney,fief,,,,1783,96,,
vandeleville,fief,,,,1784,97,,
fecocourt,fief,,,,1785,97,,
bouzanville,fief,,,,1786,97,,
saxon,fief,,,,1787,97,,
rouvres-cn-xaintois,fief,,,,1790,97,,
they,fief,,,,1791,97,,
blemerey,fief,,,,1792,97,,
chatel-sur-mosclle,domain,duchy-lorraine,,,1793,97,,
nomexy,domain,duchy-lorraine,,,1794,97,,
moriville,domain,duchy-lorraine,,,1795,97,,
haillainville,domain,duchy-lorraine,,,1796,97,,
rehaincourt,domain,duchy-lorraine,,,1797,97,,
clezentaine,domain,duchy-lorraine,,,1798,97,,
portieux-charmes,domain,duchy-lorraine,,,1799,97,,
hardancourt,domain,duchy-lorraine,,,1800,97,,
orioncourt,domain,duchy-lorraine,,,1801,97,,
bouxurulles,domain,duchy-lorraine,,,1802,97,,
frizon-la-llaultc,domain,duchy-lorraine,,,1803,97,,
frizon-la-basse,domain,duchy-lorraine,,,1804,97,,
passoncourl,domain,duchy-lorraine,,,1805,97,,
langley,domain,duchy-lorraine,,,1808,97,,
saint-boiug,domain,duchy-lorraine,,,1809,97,,
les-verrieres-d-onzaines,domain,duchy-lorraine,,,1811,97,,
villacourf,domain,duchy-lorraine,,,1812,97,,
batlexey,domain,duchy-lorraine,,,1813,97,,
saint-germain,domain,duchy-lorraine,,,1814,97,,
chamagne,domain,duchy-lorraine,,,1815,98,,
lorro,domain,duchy-lorraine,,,1816,98,,
rozelieures,domain,duchy-lorraine,,,1817,98,,
belval,clergy,,,,1818,98,,
aubiey,clergy,,,,1819,98,,
chamagne,clergy,,,,1820,98,,
saint-germain,clergy,,,,1821|1838,98,,
nomexy,fief,,,,1822,98,,
saint-germain,fief,,,,1823,98,,
hailigny-lcz-verrieres,fief,,,,1824,98,,
les-verrieres-d-onzaines,fief,,,,1826,98,,
bouxurulles,fief,,,,1827,98,,
villacourf,fief,,,,1828,98,,
marainville,fief,,,,1830,98,,
frizon,fief,,,,1831,98,,
lorro,fief,,,,1832,98,,
bainville-aux-miroirs,domain,duchy-lorraine,,,1833,98,,
chamagne,domain,duchy-lorraine,part,,1834,98,,
villacourf,domain,duchy-lorraine,part,,1835,98,,
lebcuville,domain,duchy-lorraine,part,,1836,98,,
marainville,domain,duchy-lorraine,,,1837,98,,
chamagne,clergy,,part,,1839,98,,
xaronval,clergy,,,,1840,99,,
hergugncy,clergy,,,,1841,99,,
batlexey,clergy,,,,1842,99,,
avrainville,clergy,,,,1843,99,,
epinal,domain,duchy-lorraine,,,1844,99,,
golbcy,domain,duchy-lorraine,,,1845,99,,
chavclot,domain,duchy-lorraine,,,1846,99,,
thaon,domain,duchy-lorraine,,,1847,99,,
deyvillers,domain,duchy-lorraine,,,1848,99,,
girmont,domain,duchy-lorraine,,,1849,99,,
sereoeur,domain,duchy-lorraine,,,1850,99,,
villoncourt,domain,duchy-lorraine,,,1851,99,,
padoux,domain,duchy-lorraine,,,1852,99,,
badmenil-aux-bois,domain,duchy-lorraine,,,1853,99,,
dignonville,domain,duchy-lorraine,,,1854,99,,
saint-genest,domain,duchy-lorraine,,,1855,99,,
sainte-helene,domain,duchy-lorraine,,,1856,99,,
bult,domain,duchy-lorraine,,,1858,99,,
saint-gorgon,domain,duchy-lorraine,,,1859,99,,
dognevillc,domain,duchy-lorraine,,,1860,99,,
baffe,domain,duchy-lorraine,,,1862,99,,
moussoux,domain,duchy-lorraine,,,1863,99,,
longchamp-epinal,domain,duchy-lorraine,,,1865,100,,
jeuxey,domain,duchy-lorraine,,,1866,100,,
domevrc-sur-aviere,domain,duchy-lorraine,,,1867,100,,
vaxoncourt,domain,duchy-lorraine,,,1868,100,,
pallegncy,domain,duchy-lorraine,,,1869,100,,
zincourt,domain,duchy-lorraine,,,1870,100,,
vaudeville-epinal,domain,duchy-lorraine,,,1871,100,,
igncy,domain,duchy-lorraine,,,1872,100,,
vincey,clergy,,,,1873,100,,
deyvillers,clergy,,,,1875,100,,
golbcy,fief,,,,1876,100,,
chavclot,fief,,,,1877,100,,
vaxoncourt,fief,,,,1878,100,,
pallegncy,fief,,,,1879,100,,
zincourt,fief,,,,1880,100,,
vaudeville-epinal,fief,,,,1881,100,,
igncy,fief,,,,1882,100,,
hattonchatcl,domain,duchy-lorraine,,,1883,100,,
hattonville,domain,duchy-lorraine,,,1885,100,,
herbeuville,domain,duchy-lorraine,,,1886,100,,
deuxnouds-aux-bois,domain,duchy-lorraine,,,1887,100,,
vigneulies-les-hatloncliatcl-ch-l-de-canton,domain,duchy-lorraine,,,1888,100,,
woel,domain,duchy-lorraine,,,1889,100,,
sntrilte,domain,duchy-lorraine,,,1890,100,,
saulx-en-voevre,domain,duchy-lorraine,,,1891,100,,
saint-rcmy,domain,duchy-lorraine,,,1892,100,,
rilly-sous-les-cotes,domain,duchy-lorraine,,,1893,100,,
seuzey,domain,duchy-lorraine,,,1894,101,,
lavigneville,domain,duchy-lorraine,,,1895,101,,
hannonville-sous-les-cotes,domain,duchy-lorraine,,,1896,101,,
lamorville,domain,duchy-lorraine,,,1897,101,,
chaillon,domain,duchy-lorraine,,,1898,101,,
bassaucourt,domain,duchy-lorraine,,,1899,101,,
vieville-sous-lcs-coles,domain,duchy-lorraine,,,1900,101,,
bannoncourt,domain,duchy-lorraine,,,1901,101,,
dompccvrin,domain,duchy-lorraine,,,1902,101,,
spada,domain,duchy-lorraine,,,1903,101,,
varvinay,domain,duchy-lorraine,,,1904,101,,
maizcy,domain,duchy-lorraine,,,1905,101,,
relincourt,domain,duchy-lorraine,,,1906,101,,
senonville,domain,duchy-lorraine,,,1907,101,,
savonnieres-en-voevre,domain,duchy-lorraine,,,1908,101,,
avillers-fresnes-cn-vocvrc,domain,duchy-lorraine,,,1909,101,,
saini-maurice-sous-les-cotes,domain,duchy-lorraine,,,1910,101,,
saint-benoit,clergy,,,,1911,101,,
crcue,fief,,,,1912,101,,
hannonville-sous-les-cotes,fief,,,,1913,101,,
maizcy,fief,,,,1914,101,,
spada,fief,,,,1915,101,,
relincourt,fief,,,,1916,101,,
senonville,fief,,,,1917,101,,
apremonl,domain,duchy-lorraine,,,1918,101,,
tigeville,domain,duchy-lorraine,,,1919,102,,
saint-agnant,domain,duchy-lorraine,,,1920,102,,
liouville,domain,duchy-lorraine,,,1921,102,,
boncourt,domain,duchy-lorraine,,,1922,102,,
mandre-ia-pclite,domain,duchy-lorraine,,,1923,102,,
forbeauvoisin,domain,duchy-lorraine,,,1924,102,,
euvczin,domain,duchy-lorraine,,,1925,102,,
hamonvillc,domain,duchy-lorraine,,,1926,102,,
jouy-sous-lcs-cotes,domain,duchy-lorraine,,,1927,102,,
allamont,domain,duchy-lorraine,,,1928,102,,
marbottc,clergy,,,,1929,102,,
affieville,fief,,,,1930,102,,
allamont,fief,,,,1931,102,,
aix,fief,,,,1932,102,,
ancy-sur-moselle,fief,,,,1933,102,,
andillicr,fief,,,,1934,102,,
annoult,fief,,,,1935,102,,
arry,fief,,,,1936,102,,
aulnois-sous-yerluzey,fief,,,,1937,102,,
boncourt,fief,,,,1938,102,,
bouillonville,fief,,,,1939,102,,
san-bouryon,fief,,,,1940,102,,
sun-de-laistrc,fief,,,,1941,102,,
san-de-la-seine,fief,,,,1942,102,,
san-saini-symphorien,fief,,,,1943,102,,
san-de-vezin,fief,,,,1944,102,,
bertrameix,fief,,,,1946,102,,
boinvilie,fief,,,,1948,102,,
bovee,fief,,,,1949,102,,
boviolles,fief,,,,1950,102,,
brieulles-sur-meusc,fief,,,,1951,102,,
broucey,fief,,,,1952,103,,
bure,fief,,,,1953,103,,
san-saint-pierre,fief,,,,1954,103,,
san-de-chaste,fief,,,,1955,103,,
charcy,fief,,,,1957,103,,
chazclles,fief,,,,1958,103,,
cornieviile,fief,,,,1959,103,,
dampvitoux,fief,,,,1961,103,,
dieulouard,fief,,,,1962,103,,
dommartin-la-montagne,fief,,,,1963,103,,
deuxnouds-aux-bois,fief,,,,1964,103,,
dain,fief,,,,1965,103,,
euville,fief,,,,1966,103,,
ecrouves-et-grand-menil,fief,,,,1967,103,,
essey-et-maizerais,fief,,,,1968,103,,
urcourt,fief,,,,1969,103,,
forbeauvoisin,fief,,,,1970,103,,
fremereville,fief,,,,1971,103,,
girauvoisin,fief,,,,1972,103,,
gironville,fief,,,,1973|1977,103,,
grand-menil,fief,,,,1975,103,,
jranduoyain-bailliage-d-apremont,fief,,,,1976,103,,
grosrouvre,fief,,,,1978,103,,
hamonvillc,fief,,,,1979,103,,
ihimbery,fief,,,,1980,103,,
lamarche-en-voevre,fief,,,,1981,103,,
loucbamp,fief,,,,1982,103,,
jouaville,fief,,,,1983,103,,
jury,fief,,,,1984,103,,
jussy,fief,,,,1985,103,,
jouy-sous-lcs-cotes,fief,,,,1986,103,,
lahayville,fief,,,,1987,103,,
lairey,fief,,,,1988,104,,
saint-prival-ia-montagne,fief,,,,1989,104,,
landres,fief,,,,1990,104,,
lixieres,fief,,,,1991,104,,
liouville,fief,,,,1992,104,,
lyon,fief,,,,1993,104,,
mandre-ia-pclite,fief,,,,1994,104,,
m-ny,fief,,,,1995,104,,
mailly,fief,,,,1996,104,,
manheullcs,fief,,,,1997,104,,
marre,fief,,,,1998,104,,
maison,fief,,,,1999,104,,
maizery,fief,,,,2000,104,,
les-monlhairons,fief,,,,2001,104,,
merancourt-ou-merancourt,fief,,,,2002,104,,
murvaux,fief,,,,2003,104,,
marvoisin,fief,,,,2004,104,,
meni-la-tour,fief,,,,2005,104,,
milly,fief,,,,2006,104,,
moncel-ies-marcheville,fief,,,,2007,104,,
mont-devant-sassey,fief,,,,2008,104,,
mousson,fief,,,,2009,104,,
moulainville,fief,,,,2010,104,,
moincvillc,fief,,,,2011,104,,
murville,fief,,,,2012,104,,
nancois-le-grand,fief,,,,2013,104,,
neuvcville,fief,,,,2014,104,,
ottange,fief,,,,2015,104,,
pont-sur-meuse,fief,,,,2016|2020|2021,104,,
pannes,fief,,,,2018,104,,
platenges,fief,,,,2019,104,,
rainbucouri,fief,,,,2022,104,,
remelange,fief,,,,2023,104,,
raulccourt,fief,,,,2024,105,,
remoiville,fief,,,,2025,105,,
rcssoneourt,fief,,,,2026,105,,
richecourt,fief,,,,2027,105,,
royaumeix,fief,,,,2028,105,,
rozerietilles,fief,,,,2029,105,,
saint-baussant,fief,,,,2031,105,,
saint-jure,fief,,,,2032,105,,
saint-julien,fief,,,,2033,105,,
sainte-marie-aux-chenes,fief,,,,2034,105,,
saint-privat,fief,,,,2035,105,,
sainte-ruffine,fief,,,,2036,105,,
sanbucfnionl,fief,,,,2037,105,,
sanzey,fief,,,,2038,105,,
seicheprey,fief,,,,2039,105,,
sivery,fief,,,,2040,105,,
sponville,fief,,,,2041,105,,
tannoy,fief,,,,2042,105,,
vacherauville,fief,,,,2043,105,,
val-sainle-marie,fief,,,,2044,105,,
valleroy,fief,,,,2045,105,,
vaux,fief,,,,2046,105,,
vigneulies-les-hatloncliatcl-ch-l-de-canton,fief,,,,2047,105,,
verluzey,fief,,,,2048,105,,
ville-au-val,fief,,,,2049,105,,
villers-le-prud-homme,fief,,,,2050,105,,
euvczin,fief,,,,2051,105,,
xammes,fief,,,,2052,105,,
xonville,fief,,,,2053,105,,
rlamont,domain,duchy-lorraine,,,2054,105,,
repaix,domain,duchy-lorraine,,,2056,106,,
fremonvillc,domain,duchy-lorraine,,,2057,106,,
barbas,domain,duchy-lorraine,,,2058,106,,
autrepierrc,domain,duchy-lorraine,,,2059,106,,
amenoncourt,domain,duchy-lorraine,,,2060,106,,
reillon,domain,duchy-lorraine,,,2061,106,,
remoncourt-blamont,domain,duchy-lorraine,,,2062,106,,
igney,domain,duchy-lorraine,,,2063,106,,
domjevin,domain,duchy-lorraine,,,2064,106,,
blemerey-blamont,domain,duchy-lorraine,,,2065,106,,
halloville,domain,duchy-lorraine,,,2066,106,,
gondrcxon,domain,duchy-lorraine,,,2067,106,,
chazclles-blamont,domain,duchy-lorraine,,,2068,106,,
lcintrey,domain,duchy-lorraine,,,2069,106,,
domevre-sur-vezouse,clergy,,,,2070,106,,
saint-sauveur,clergy,,,,2071,106,,
ogeviller,fief,,,,2072,106,,
reclonville,fief,,,,2073,106,,
embermcnii,fief,,,,2074,106,,
mignevillc,fief,,,,2075,106,,
saint-martin,fief,,,,2076,106,,
launoy-ou-lanoy,fief,,,,2077,106,,
reillon,fief,,,,2078,106,,
herbeviller,fief,,,,2079,106,,
amenoncourt,fief,,,,2080,106,,
montreux,fief,,,,2081,106,,
nonhigny,fief,,,,2082,106,,
saint-maurice-baccarat,fief,,,,2083,106,,
gondrcxon,fief,,,,2084,106,,
sinzey,fief,,,,2085,106,,
avricourt,fief,,,,2086,107,,
frisonviller,fief,,,,2087,107,,
deneuvre,domain,duchy-lorraine,,,2088,107,,
laitre-dcneuvie,domain,duchy-lorraine,,,2089,107,,
fontcnoy-ia-joute,domain,duchy-lorraine,,,2090,107,,
azerailles,domain,duchy-lorraine,part,,2091,107,,
menil-flin,domain,duchy-lorraine,,,2092,107,,
brouvilie,domain,duchy-lorraine,,,2094,107,,
brouvelotte,domain,duchy-lorraine,,,2095,107,,
hadomey,domain,duchy-lorraine,,,2096,107,,
reheray,domain,duchy-lorraine,,,2097,107,,
ban-de-la-riviere,domain,duchy-lorraine,,,2098,107,,
la-haulte-rue-de-destort,domain,duchy-lorraine,,,2099,107,,
moniet,clergy,,,,2100,107,,
rinting,clergy,,,,2102,107,,
prieure-de-liesse,clergy,,,,2103,108,,
gosselming,clergy,,part,,2104,108,,
immclingen-chasteau-et-village,fief,,,,2105,108,,
nitling,fief,,,,2106,108,,
niderwciller,fief,,,,2107,108,,
bcliling,fief,,,,2108,108,,
heming,fief,,,,2109,108,,
biuhe,domain,duchy-lorraine,,,2140,109,,
kaltenliausen,domain,duchy-lorraine,,,2141,109,,
rohr,domain,duchy-lorraine,,,2142,109,,
sehorbach,domain,duchy-lorraine,,,2143,110,,
lengelsbcim,domain,duchy-lorraine,,,2144,110,,
hanwiller,domain,duchy-lorraine,,,2145,110,,
reyerswiller,domain,duchy-lorraine,,,2146,110,,
bousseviller,domain,duchy-lorraine,,,2147,110,,
breidenbach,domain,duchy-lorraine,,,2148,110,,
obeistiinbach,domain,duchy-lorraine,,,2149,110,,
walschbronn,domain,duchy-lorraine,,,2150,110,,
haspeilseheidt,domain,duchy-lorraine,,,2151,110,,
waldhausen,domain,duchy-lorraine,,,2152,110,,
kroppen,domain,duchy-lorraine,,,2153,110,,
trulben,domain,duchy-lorraine,,,2154,110,,
eppenbrunn,domain,duchy-lorraine,,,2155,110,,
hilst,domain,duchy-lorraine,,,2156,110,,
schweii,domain,duchy-lorraine,,,2157,110,,
liedcrscheidt,domain,duchy-lorraine,,,2158,110,,
roppwiller,domain,duchy-lorraine,,,2159,110,,
rimling,domain,duchy-lorraine,,,2160,110,,
weiskirch,domain,duchy-lorraine,,,2161,110,,
volmunster,domain,duchy-lorraine,,,2162,110,,
urbach,domain,duchy-lorraine,,,2163,110,,
epping,domain,duchy-lorraine,,,2164,110,,
bcuwillcr,domain,duchy-lorraine,,,2165,110,,
etting,domain,duchy-lorraine,,,2166|2187,110,,
guising,domain,duchy-lorraine,,,2167,110,,
pelil-bcderchimj,domain,duchy-lorraine,,,2168,110,,
hotiwiller,domain,duchy-lorraine,,,2169,111,,
erching,domain,duchy-lorraine,,,2170,111,,
holbach-les-lemberg,domain,duchy-lorraine,,,2171,111,,
olberding,domain,duchy-lorraine,,,2172,111,,
onnerswiller,domain,duchy-lorraine,,,2173,111,,
bockweilcr,domain,duchy-lorraine,,,2174,111,,
walsheim,domain,duchy-lorraine,,,2175,111,,
lotthringen,domain,duchy-lorraine,,,2176,111,,
altheim,domain,duchy-lorraine,,,2177,111,,
bining-les-rohrbaeh,domain,duchy-lorraine,,,2178,111,,
siersihal,domain,duchy-lorraine,,,2179,111,,
lemberg,domain,duchy-lorraine,,,2180,111,,
lambaeh,domain,duchy-lorraine,,,2181,111,,
enchcnbcrg,domain,duchy-lorraine,,,2182,111,,
rohrbaeh,domain,duchy-lorraine,,,2183,111,,
gros-kedercbing,domain,duchy-lorraine,,,2184,111,,
kalhausen,domain,duchy-lorraine,,,2185,111,,
achen,domain,duchy-lorraine,,,2186,111,,
rolbing,domain,duchy-lorraine,,,2188,111,,
schmalenthal,domain,duchy-lorraine,,,2189,111,,
mouterhatisen,domain,duchy-lorraine,,,2190,111,,
hobc-wcyersberg,domain,duchy-lorraine,,,2191,111,,
gucndersberg,domain,duchy-lorraine,,,2192,112,,
waldeck,domain,duchy-lorraine,,,2193|2195,112,,
eguelshardt,domain,duchy-lorraine,,,2194,112,,
zcllen,domain,duchy-lorraine,,,2196,112,,
petil-tenquin,domain,duchy-lorraine,,,2197,112,,
conthil,domain,duchy-lorraine,,,2198,112,,
obergailbach,domain,duchy-lorraine,,,2199,112,,
nicdcrgailbach,domain,duchy-lorraine,,,2200,112,,
sturzelbronn,clergy,,,,2201,112,,
lemberg-pirmasens,fief,,,,2202,112,,
eymngcn,fief,,,,2203,112,,
riedelberg,fief,,,,2204,112,,
winzeln,fief,,,,2205,112,,
gersbach,fief,,,,2206,112,,
erlenbrunn,fief,,,,2207,112,,
niedersimtenou-obersimlen,fief,,,,2208,112,,
pirmascns,fief,,,,2209,112,,
thalfroschen,fief,,,,2210,112,,
et-ch,fief,,,,2211,112,,
weuftrhaus,fief,,,,2212,112,,
eynothaws,fief,,,,2213,112,,
burgalben,fief,,,,2214,112,,
donsicders,fief,,,,2215,113,,
munchweilcr,fief,,,,2216,113,,
dictersba-eh,domain,duchy-lorraine,,,2217,113,,
ransctiborn,domain,duchy-lorraine,,,2218,113,,
stanuemiein,domain,duchy-lorraine,,,2219,113,,
imshuchc-rtof,domain,duchy-lorraine,,,2220,113,,
erlenbrunn,domain,duchy-lorraine,,,2221,113,,
weidcsheim,domain,duchy-lorraine,,,2222,113,,
falkeinstein,domain,duchy-lorraine,,,2223,113,,
althorn,domain,duchy-lorraine,,,2224,113,,
neuulhann,domain,duchy-lorraine,,,2225,113,,
loulzwiller,domain,duchy-lorraine,,,2226,113,,
scbweyen,domain,duchy-lorraine,,,2228,113,,
contliiij,domain,duchy-lorraine,part,,2229,113,,
volfflingcn-etweissweiiler,domain,duchy-lorraine,,,2230,113,,
momborn,domain,duchy-lorraine,,,2231,113,,
phalstourg-eh-l-de-canton,domain,duchy-lorraine,,,2232,113,,
einarizhauscn,domain,duchy-lorraine,,,2233,113,,
lutzelbourg,domain,duchy-lorraine,,,2234,113,,
ihiitenhauscn,domain,duchy-lorraine,,,2235,113,,
hazelbourg,domain,duchy-lorraine,,,2236,114,,
mitlelbronn,domain,duchy-lorraine,,,2237,114,,
vilsberg,domain,duchy-lorraine,,,2238,114,,
hombourg,domain,duchy-lorraine,,,2239,114,,
saint-avold,domain,duchy-lorraine,,,2240,114,,
hombourg-bas,domain,duchy-lorraine,,,2241,114,,
macheren,domain,duchy-lorraine,,,2242,114,,
eberswillcr,domain,duchy-lorraine,,,2243,114,,
guemviller,domain,duchy-lorraine,,,2244,114,,
cocheren,domain,duchy-lorraine,,,2245,114,,
emmcrsweiler,domain,duchy-lorraine,,,2246,114,,
folckling,domain,duchy-lorraine,,,2247,114,,
vahl-ebersing,domain,duchy-lorraine,,,2248,114,,
lixing-lcs-laning,domain,duchy-lorraine,,,2249,114,,
fareberswiller,domain,duchy-lorraine,,,2250,114,,
morsbach,domain,duchy-lorraine,,,2251,114,,
bousse,domain,duchy-lorraine,,,2252,114,,
freybouse,domain,duchy-lorraine,,,2253,114,,
seingbousse,domain,duchy-lorraine,,,2254,114,,
maxstadt,domain,duchy-lorraine,,,2255,114,,
host,domain,duchy-lorraine,,,2256,114,,
teling,domain,duchy-lorraine,,,2257,114,,
metring,domain,duchy-lorraine,,,2258,114,,
vigneulles-haute,domain,duchy-lorraine,,,2260,114,,
l-hopital,domain,duchy-lorraine,,,2261,114,,
dourd-hal,domain,duchy-lorraine,,,2262,115,,
lachambrc,domain,duchy-lorraine,,,2263,115,,
teterchen,domain,duchy-lorraine,,,2264,115,,
alfviller,domain,duchy-lorraine,,,2265,115,,
guinglange,domain,duchy-lorraine,,,2266,115,,
saint-avold,clergy,,,,2267,115,,
guessling,clergy,abbey-saint-avold,,,2268,115,,
hemcring,clergy,abbey-saint-avold,,,2269,115,,
teling,clergy,abbey-saint-avold,,,2270,115,,
boustroff,clergy,abbey-saint-avold,,,2271,115,,
bisten-im-loch,clergy,abbey-saint-avold,,,2272,115,,
bansch-orn,clergy,abbey-saint-avold,,,2273,115,,
oberwisse,clergy,abbey-saint-avold,,,2274,115,,
nidcrwisse,clergy,abbey-saint-avold,,,2275,115,,
mailing-boulay,clergy,abbey-saint-avold,,,2276,115,,
lelling,clergy,abbey-saint-avold,,,2277,115,,
folschwiller,clergy,abbey-saint-avold,,,2278,115,,
hinckange,clergy,abbey-saint-avold,,,2279,115,,
buding,clergy,abbey-saint-avold,,,2280,115,,
valmont,fief,,,,2281,115,,
folschwiller,fief,,,,2282,115,,
oberfuuen,fief,,,,2283,115,,
laning,fief,,,,2284,115,,
freinestroff,fief,,,,2285,115,,
