page,index_name,printed,entry,note
207,Flainval,58,38,"printed 38; the entry reads ""Hainvau"" (scan)"
238,Pirmascns,210,2209,"printed 2210; Pirmasens is Pfumersens, 2209"
200,Croismare,255,255,"Hadonviller, the old name of Croismare"
209,Foucrey (les Haute et Basse-),255,233,printed 233
234,Ncuw'Y ille-ct-Grémoménil (la),385,585,printed 585
198,Combrimont,456,436,printed 436
223,Laveline,501,301,printed 301
185,AouryS vil.,50s,508,printed 508
193,Braconeelle,507,307,printed 307
197,Chatlemagnc ou Chatemagnc (ban de),511,511,"entry 511: ""Aboncourt, ban de Chattemagne"""
241,Raon-l'Eiape,514,314,printed 314
198,Clefcy',519,319,printed 319
255,Vandières,525,525,printed 525
183,Abaticourt,544,511,printed 511
237,Pajaille,545,345,printed 345
232,Moutrot,553,555,"printed 555, the editor's identification"
185,"Aray (le Lan (V), ban de Moyenmouticr, 551",554,354,printed 354
235,Norroy-Ie-Veneur,555,535,printed 535
193,Bréhimont,556,336,"printed 356: Brécheymont is 336 (""fircebymont"")"
195,Caefièe-Sue (la),565,363,printed 363
237,Pariée (la),582,382,printed 382
237,Paire (le) bam.,585,385,printed 585: Le Payre of the ban of Taintrux is 385
207,Fols (les),591,391,printed 391
259,Viméni),655,635,printed 635
189,Bellefontaine,709,,"709-715: the ban of Bellefontaine, whose villages these entries are"
189,Bellefontaine,710,,"709-715: the ban of Bellefontaine, whose villages these entries are"
189,Bellefontaine,711,,"709-715: the ban of Bellefontaine, whose villages these entries are"
189,Bellefontaine,712,,"709-715: the ban of Bellefontaine, whose villages these entries are"
189,Bellefontaine,713,,"709-715: the ban of Bellefontaine, whose villages these entries are"
189,Bellefontaine,714,,"709-715: the ban of Bellefontaine, whose villages these entries are"
189,Bellefontaine,715,,"709-715: the ban of Bellefontaine, whose villages these entries are"
185,Ainias (les),758,738,printed 738
208,Fontcnoy-lc-Chàtcau,855,853,printed 853
202,DombasIe-cn-Xaîntois,927,927,printed 927
210,Gébcourt,971,271,printed 271
244,Ronchiere liai,10?3,1083,printed 1083
200,Damas-el-Bcttcgncy,105»,1055,printed 1055
247,Seie-Brabant (la),1089,1089,"printed 1089: ""De la Syc"", the sawmill"
205,Etanchc (I'),1158,1138,"printed 1158; L'Estanges, the abbey, is 1138"
218,Hombourgou Hombourg-sur-Kaner,1352,1332,printed 1332
190,Sctthujen ou Bctting',1457,1457,printed 1457
221,Kerperieh-ilemmersdorf,59,1439,"corrections: ""1421, 22, 39, 40"""
221,Kaisen,1497,1497,corrections: Kaisen replaces the line Kassheim
246,Scheuer-Hof,1507,1307,"corrections: ""seems to correspond to Schcuren"" (1307)"
261,Wetschhausen,1510,1516,"Wach-Haussen, aliàs Schweich-Haussen (table of old forms)"
233,Nennig,1517,1317,printed 1317
254,Tûnsdorf (Tunstrofï),1518,1318,printed 1318
189,"Bcrg"" mit Schloss",1521,1321,printed 1321
217,Heiiselhofen (voy. Aschbach),1531,1534,printed 1534
221,Kerperieh-ilemmersdorf,40,1440,"corrections: ""1421, 22, 39, 40"""
228,Mégange,1549,1349,printed 1349
198,Colmen,1551,1331,printed 1331
255,Valdwisse,1553,1333,printed 1333
193,Brccklangc,1558,1358,printed 1358
203,Eimersdorf,1422*,1422,printed 1422
241,Rantse/iidt (et non Raudtsebidl),1562,1562,"the editor: ""Rontschidt (et non Raudtschidt)"""
204,Ëlvangc,1574,1374,printed 1374
226,MainviHers,1577,1377,printed 1377
210,Freyming,1590,1390,printed 1390
256,Velving (?),1594,1394,printed 1394
206,Falck,1599,1399,printed 1399
256,Vergaville,I63i,1638,printed 1638
258,Petit-Rohrbacli,1651,1631,corrections: Petit-Rohrbach replaces Rorbach (1631)
218,Honzrath,1653,,"printed 1653: Himradt, which is Hellimer; no entry of Merzig fits"
252,Tensch,1655,1635,printed 1635
210,Gawestroff(autrefois Weistroff),1689,1689,"Wistorff: Weistroff, the old name"
252,They,1751,1751,They-sous-Vaudémont
262,Zinzing,1751,1731,printed 1731
210,Frizon (la Haute et la Basse-),1805,1803,Frizon-la-Haute
225,Loro-Monlzey,1810,1816,printed 1816: Lorro
210,Frizon (la Haute et la Basse-),4,1804,Frizon-la-Basse
225,Loro-Monlzey,52,1810,"Montzey (1810); the index prints ""52"""
244,Rouvrois-sur-Mcuse,18&4,1884,printed 1884
184,Aix,1953,1932,printed 1933; Aix is 1932 in the list of Apremont
185,Anoux,1955,1935,printed 1955; Annoult is 1935 in the list of Apremont
225,Lion-devanî-Dun,1995,1993,printed 1995; Lyon is 1993
234,Nidervillcr',2017,2107,printed 2017; Niderweiller of Sarrebourg is 2107
261,Xivray-et-Marvoisin,2040,2040,Sivery
262,Zimmerbacb,2125,2123,printed 2123
208,Fosses (les Hautes et Basses-),2154,,"printed 2154: Drulben, which is Trulben"
205,Eich,2157,2137,"corrections: ""Eich… 2157""; Eychen of Sarralbe is 2137"
217,Hilsprich',2196,,"printed 2196: Zell, which is Zellen; no entry fits Hilsprich"
237,Petil-Ei>ci>willer,2243,2243,printed 2243
225,Lixing-lès-Rouhling,2250,,"printed 2250: Vor Eberssweiller, which is Farébersviller"
231,Monlbronn,2251,,printed 2251: Morsbach's entry
218,Hombourg-Ilatit,2259,2239,printed 2239
239,Ponlpierre,2271,,"printed 2271: Bausstorff, which is Boustroff (Pontpierre is 2259, Steinbiedersdorf)"
192,Boucheporn,2275,2273,"the scan reads 2275 (Niedervisse's); Boucheporn is Banschborn (table of old forms), entry 2273"
257,Vigneulles-Haute,85,,"printed 85 after 2260: Fremerstroff, which is Fremestroff"
236,Onnes-ct-Viï!ï'; canton d'Ilaroué,2305,2305,Ormes
260,VVallerfangen (Vaudrevange),2335,2333,printed 2333
189,Berus,2356,,"printed 2356: Harsal, which is Marsal (towns)"
224,Libdcau,2386,2486,printed 2386; the commandery of Libdos is 2486
236,Onnes-ct-Viï!ï'; canton d'Ilaroué,2418,2418,Ormes
198,Clairlicu,2579,2379,printed 2379
208,Fontcnoy-lc-Chàtcau,2520,2320,printed 2320
210,Frouard,2507,2307,printed 2307
211,Gemmelaincourt,4145,1143,printed 1143
210,Gébcourt,9093,2093,printed 2093
224,Lejols,8201,820,printed 820
227,Marienflosse. moulin (collégiale),2576,2376,printed 2376
248,Sterek-Hauie,4209,1209,printed 1209
221,Kassheim,1497,,corrections: replaced by Kaisen
185,Aschbaeh et Hensclhofcn,1479,1479,Aspach: Aschbach
185,Aschbaeh et Hensclhofcn,1535,1535,Aspach: Aschbach
204,Einu'ciller cl Enweillcr,1485,1485,printed 1485
204,Einu'ciller cl Enweillcr,1510,1510,printed 1510
204,Einu'ciller cl Enweillcr,54,1554,printed 54 after 1510
194,Itnbiiujen,1736,1736,Bubingen
216,Haudonville,255,253,"Hatonville is Haudonville (table of old forms); the scan reads 255, which is Croismare (Hadonviller)"
219,Hymont,1,,Chenymont (971) is Chenilmont
251,Saint-Remimont,5b,,Removille (1165) is Removille
203,Edling,1519,,Edlingen (1719) is Adelange
189,Bebing,1756,,Bubingen (1736) is Bubingen
257,Villacourf,3J,,Bainville (1833) is Bainville-aux-Miroirs
229,Ménil (le),345,,Pageolle (345) is Pajaille
188,Ba/.egncy,1055,,1055 is Damas-devant-Dompaire
183,Ableuveneltes (les),4îi,,Nittel (1411) is Nittel
192,Bonfays,2412,,2412 is the Dominican nuns of Nancy
255,Vandelainville,525,,525 is Vandières
202,Domjulien,927,,Dombasle (927) is Dombasle-en-Xaintois
190,Bethiiigcn,1358,,Brechlingen (1358) is Brecklange
197,Châtenois,53,2453,"printed 53 after 2314: the priory of Chastenoy, 2453"
242,Remois,119,1119,"1119: ""Baimois"" (scan), Raimois"
190,Bettlainville,1534,,printed 1534: Henselhofen (corrections)
216,Heckling,1525,1323,"the scan reads 1525, which is Rathen's (Zurachten, the editor's corrections); Heckling is Hechlingen, 1323"
217,Hestroff,1351,,the editor's corrections: 'ce numéro doit être effacé à l'art. Hestroff' (1351 is Helstroff)
223,Lebcuville,36,1836,"printed 1829, 36: Lebeuville is 1829 and 1836 (bailliage of Châtel); 1536 is Thalexweiler's"
221,Kerlingcn (Kerling-lès-Sarrelouts),1695,1693,printed 1695 (3/5): Kerlingen is entry 1693; 1695 is Eidlingen
192,Bouvroy,776,,"776 is Rouveroy, the grange of Rouveroye near Remiremont (Rouveroye's line, rules.yaml entry_index); not a grange of Celles"
193,Bouzey,1190,,"1190 is Bouzey of Châtenois: Dombrot-sur-Vair, ci-devant Bouzey (Dombrot's line, rules.yaml entry_index); not the mill of Sanchey"
193,Broussey-en-Blois,1955,1952,"printed 1953 (the scan reads 1955), the editors' misprint for 1952: Broucey (bailliage d'Apremont), Broussey-en-Blois"
