read,name
AIsweiler,Alsweiler
Aisweilcr,Alsweiler
Albcstroff,Albestroff
Albesiroff,Albestroff
Albeslroff,Albestroff
Albestrofl,Albestroff
Alswciler,Alsweiler
Alsweilcr,Alsweiler
B.'àmont,Blâmont
Ba>on,Bayon
Ban-dc-Sapt,Ban-de-Sapt
Ban-de Sapt,Ban-de-Sapt
Ban-de-Sapl,Ban-de-Sapt
Basse-sur-ie-Rupt,Basse-sur-le-Rupt
Bellcfontainc,Bellefontaine
Bellefontainc,Bellefontaine
Bitcbc,Bitche
Bitchc,Bitche
Bitehe,Bitche
Blâinont,Blâmont
Bouzonvillc,Bouzonville
Brouvclieurcs,Brouvelieures
Brouvelicurcs,Brouvelieures
Brouvelieurcs,Brouvelieures
Bulgnèville,Bulgnéville
Bulgnévillc,Bulgnéville
Cbâtel,Châtel
Cbâtenois,Châtenois
Châienois,Châtenois
Châlel,Châtel
Châlenois,Châtenois
Chârcnois,Châtenois
Châtcnois,Châtenois
Châteneis,Châtenois
Colombcy,Colombey
Colomhey,Colombey
Commcrcy,Commercy
Conimercy,Commercy
Corcicux,Corcieux
Coreieux,Corcieux
Cousscy,Coussey
Darncy,Darney
Dclmc,Delme
Delmc,Delme
Deîme,Delme
Dicuze,Dieuze
Dommarlin,Dommartin
Dompairc,Dompaire
Domévre,Domèvre
Domêvre,Domèvre
Elaîn,Etain
Elival,Etival
Epînal,Epinal
Faulqucmont,Faulquemont
Fiaize,Fraize
Forbacli,Forbach
Forbaeb,Forbach
Fraizc,Fraize
Fénêtrange,Fénétrange
Gcrbévilicr,Gerbéviller
Gcrbévillcr,Gerbéviller
Gcrbéviller,Gerbéviller
Gcrbévjller,Gerbéviller
Gerbévillcr,Gerbéviller
Gerliéviller,Gerbéviller
Giostenquin,Grostenquin
Gorzc,Gorze
Groslcnquin,Grostenquin
Haroue,Haroué
Haustadl,Haustadt
Hcnnezel,Hennezel
Hennezeî,Hennezel
Hilbringcn,Hilbringen
Hilbt-ingcn,Hilbringen
Hornbacli,Hornbach
Lavclinc,Laveline
Lavelinc,Laveline
Lunévillc-Nord,Lunéville-Nord
Lunévillc-Sud-cst,Lunéville-Sud-est
Lunévillc-Sud-est,Lunéville-Sud-est
Lunéville-Sud-cst,Lunéville-Sud-est
Mclzcrwisse,Metzerwisse
Mctzerwissc,Metzerwisse
Melllach,Mettlach
Metzcrwisse,Metzerwisse
Metzerwissc,Metzerwisse
Mirccourt,Mirecourt
Mirceourt,Mirecourt
Mireeourt,Mirecourt
Monlhureux-sur-Saône,Monthureux-sur-Saône
Monthureux-sur-Saone,Monthureux-sur-Saône
Moyenmoulier,Moyenmoutier
Nancy -Est,Nancy-Est
Ncufchâtcau,Neufchâteau
Ncufchâteau,Neufchâteau
Ncufehâtcau,Neufchâteau
Neufchâleau,Neufchâteau
Neufchâtcau,Neufchâteau
Neufehâteau,Neufchâteau
Nomcny,Nomeny
Obcresch,Oberesch
Obcreseh,Oberesch
Oberkirchcn,Oberkirchen
Olzenhausen,Otzenhausen
Orseholz,Orscholz
Ottvvciler,Ottweiler
Pangc,Pange
Phaîsbourg,Phalsbourg
Pont-à Mousson,Pont-à-Mousson
Pont-â-Mousson,Pont-à-Mousson
Rambcrvillcrs,Rambervillers
Rambcrvillers,Rambervillers
Rambervitlers,Rambervillers
Ramonehamp,Ramonchamp
Raon-l'Eiape,Raon-l'Etape
Raon-l'Elapc,Raon-l'Etape
Raon-l'Elape,Raon-l'Etape
Rayon,Bayon
Rciniremont,Remiremont
Rcmiremont,Remiremont
Reblingen,Rehlingen
Rehîingen,Rehlingen
Remircmont,Remiremont
Rlâmont,Blâmont
Robrbacb,Rohrbach
Rohrbacli,Rohrbach
Rohrbaeh,Rohrbach
Rriey,Briey
Rupl,Rupt
Saarbrûckcn,Saarbrücken
Saarbrûcken,Saarbrücken
Saint-.Mihiel,Saint-Mihiel
Saint-Elienne,Saint-Etienne
Saint-Mihlel,Saint-Mihiel
Saint-Naboid,Saint-Nabord
Sainte-Maric-aux-Mines,Sainte-Marie-aux-Mines
Sarrcguemines,Sarreguemines
Sarregucmincs,Sarreguemines
Sarregucmines,Sarreguemines
Sarreguemincs,Sarreguemines
Sauicy,Saulcy
Sauîcy,Saulcy
Scnones,Senones
Senoncs,Senones
Sicrck,Sierck
Sicrek,Sierck
Sierck (,Sierck
Tainirux,Taintrux
Tainlrux,Taintrux
Tbiaucourt,Thiaucourt
Th'iaucourt,Thiaucourt
Thiaueourt,Thiaucourt
Tholcy,Tholey
Va'.-d'Ajol,Val-d'Ajol
Vai-d'Ajoî,Val-d'Ajol
Valmunster,Volmunster
Vcrny,Verny
Vie,Vic
Vignculles,Vigneulles
Vigneuiles,Vigneulles
Vigneullcs,Vigneulles
Villel,Vittel
Viltel,Vittel
Volmunsler,Volmunster
Volmunstcr,Volmunster
Vézclisc,Vézelise
Vézclise,Vézelise
Xerligny,Xertigny
l'énétrauge,Fénétrange
la Chapclle-aux-Bois,la Chapelle-aux-Bois
£pinal,Epinal
Çhâtcnois,Châtenois
