page,read,name,entry,source
183,Abaticourt,Abaucourt,,scan
183,Aboncourt-sur-SeHîe,Aboncourt-sur-Seille,,modern name
183,Adelangc,Adelange,,modern name
183,Affieville,Affleville,,modern name
183,Les Ableuveneltes,Les Ableuvenettes,,scan
184,AHain,Allain,,scan
184,Ailcmand-Rombach,Allemand-Rombach,,scan
184,Aillanvillc,Aillanville,,scan
184,Aisweilcr,Alsweiler,,scan
184,Ajoneourf,Ajoncourt,,modern name
184,Alaincourl-la-Côte,Alaincourt-la-Côte,,modern name
184,Alfviller,Altviller,,scan
184,Altrippc,Altrippe,,modern name
185,Ameléeourt,Amelécourt,,modern name
185,Anozcl,Anozel,,scan
185,AouryS vil,"Aoury, vil",,scan
185,Apremonl,Apremont,,scan
185,Archetles,Archettes,,modern name
185,Arm&ucourt,Armaucourt,,modern name
185,Arrayc-el-Han,Arraye-et-Han,,modern name
185,Art-sur-Meurlhe,Art-sur-Meurthe,,modern name
185,Aschbaeh et Hensclhofcn,Aschbach et Henselhofen,,scan
185,Les Ainias,Les Amias,,scan
186,Asscnoneourt,Assenoncourt,,modern name
186,Atligny,Attigny,,modern name
186,Aucrsmacher,Auersmacher,,modern name
186,Autrcy,Autrey,,modern name
186,Autrepierrc,Autrepierre,,modern name
186,Autrewlle,Autreville,,scan
186,Auzainviiliers,Auzainvilliers,,modern name
186,Avrainvillc,Avrainville,,modern name
187,Badinénil,Badménil,,scan
187,Bainviile,Bainville,,scan
187,Iîachem,Bachem,,scan
187,San de Chaste!,Ban de Chastel,,scan
187,Sun de Laistrc,Ban de Laistre,,scan
188,Ba/.egncy,Bazegney,,modern name
188,Barbonvillc,Barbonville,,modern name
188,Bassc-Mandray,Basse-Mandray,,scan
188,Batlexey,Battexey,,modern name
188,Batlielémont,Bathelémont,,scan
188,Bauzcmont,Bauzemont,,modern name
188,Bazoî!les-et-Ménil,Bazoilles-et-Ménil,,modern name
188,San Sainî-Symphorien,Ban Saint-Symphorien,,scan
189,"Bcrg"" mit Schloss",Berg mit Schloss,,scan
189,Belrepairc,Belrepaire,,scan
189,Beltnont-sur-Vair,Belmont-sur-Vair,,scan
189,Bénîfosse,Bénifosse,,scan
189,Rclmont,Belmont,,scan
190,Bcttegney,Bettegney,,scan
190,Bcttring,Bettring,,modern name
190,BerweiUer,Berweiler,,scan
190,Betlange,Bettange,,modern name
190,Beurcn,Beuren,,modern name
190,Bideslroft,Bidestroff,,modern name
190,Bifontainc,Bifontaine,,scan
190,Biécourl,Biécourt,,modern name
190,Sctthujen ou Bctting,Bettingen ou Betting,,scan
191,Bistcn,Bisten,,modern name
191,Biuhe,Bitche,,scan
191,Blainville-sur-rEau,Blainville-sur-l'Eau,,scan
191,Bliescbersing,Bliesébersing,,modern name
191,Bocfjiiegney,Bocquegney,,scan
191,Boinvilie,Boinville,,scan
191,Rilly-sous-les-Côtes,Billy-sous-les-Côtes,,modern name
191,Rlâmont,Blâmont,,modern name
191,Sleysspaeh,Bleysspach,,scan
192,Boneourt,Boncourt,,scan
192,Boucliatel,Bouchatel,,scan
192,Bouxières-aux-Chcnes,Bouxières-aux-Chênes,,modern name
193,Brccklangc,Brecklange,,modern name
193,Breehaincourî,Brechaincourt,,scan
193,Brieulles-sur-Meusc,Brieulles-sur-Meuse,,scan
193,Brisevcrre,Briseverre,,scan
193,Brouvelicures.ch.-l. de canton,Brouvelieures,,scan
193,Brémoncourl,Brémoncourt,,modern name
193,Rrantiguy,Brantigny,,modern name
193,Srcul {le)y prévôté de Chûtcnois,"Le Breul, prévôté de Châtenois",,scan
194,Brouvilie,Brouville,,modern name
194,Brulangc,Brulange,,modern name
194,Bt'ihl,Bühl,,scan
194,Bîircn,Büren,,modern name
194,Itnbiiujen,Bubingen,,scan
194,Sntrilte,Broville,,scan
195,Caste!,Castel,,scan
195,Ceinlrey,Ceintrey,,modern name
195,Cens-la-VHle,Cens-la-Ville,,scan
195,Cerlilleux,Certilleux,,modern name
195,Chamblcy,Chambley,,scan
195,Chaîne-Goutte,Chaine-Goutte,,scan
195,La Caefièe-Sue,La Cachée-Rue,,scan
196,Chambrc-de-Moulin,Chambre-de-Moulin,,scan
196,Champ-Ic-Duc,Champ-le-Duc,,modern name
196,Chanleheux,Chanteheux,,modern name
196,Charcy,Charey,,modern name
196,Charmois-dcvant-Bruyéres,Charmois-devant-Bruyéres,,modern name
196,Charniois-rOrgueilIcux,Charmois-l'Orgueilleux,,scan
196,Châtcau-sur-Pcrlc,Château-sur-Perle,,scan
196,La Chapelle-aux-Boîs,La Chapelle-aux-Bois,,scan
196,Les Champs-de-Laxci,Les Champs-de-Laxet,,scan
197,Chatlemagnc,Chattemagne,,scan
197,Chattemagne ou Chatemagnc,Chattemagne ou Chatemagne,,scan
197,Chaumouzcy,Chaumouzey,,scan
197,Chavclot,Chavelot,,modern name
197,Chazclles,Chazelles,,modern name
197,Chiconrt,Chicourt,,modern name
197,Châtel-sur-Mosclle,Châtel-sur-Moselle,,modern name
198,Clairlicu,Clairlieu,,modern name
198,Clayeurcs,Clayeures,,modern name
198,Clingouite,Clingoutte,,scan
198,Clémcry,Clémery,,modern name
198,Colroy-la-Grandc,Colroy-la-Grande,,modern name
198,Combclle,Combelle,,scan
198,Commcrcy,Commercy,,modern name
198,Coîombcy-Ics-Belles,Colombey-les-Belles,,modern name
199,Corniéviile,Corniéville,,modern name
199,Courbcssaux,Courbessaux,,scan
199,Courlille,Courtille,,scan
199,Çonlrexard,Contrexard,,scan
200,Crcue,Creue,,modern name
200,Crézillcs,Crézilles,,modern name
200,Culling,Cutting,,scan
200,Cuslines,Custines,,modern name
200,Dalcm,Dalem,,modern name
200,Damas-el-Bcttcgncy,Damas-et-Bettegney,,modern name
200,Damelcvières,Damelevières,,modern name
200,Darncy,Darney,,modern name
200,Darncy-aux-Chénes,Darney-aux-Chénes,,modern name
200,Darnieulics,Darnieulles,,modern name
200,Demrupl,Demrupt,,scan
200,Denipairc,Denipaire,,modern name
201,Dcrmanville,Dermanville,,scan
201,Diarvillc,Diarville,,modern name
201,Dictersba.eh,Dietersbach,,scan
201,Diffembaeh-lès-Hellimer,Diffembach-lès-Hellimer,,modern name
201,Dillingcn,Dillingen,,scan
201,Dittclingen,Dittelingen,,scan
201,Docclles,Docelles,,modern name
202,Dognévillc,Dognéville,,modern name
202,DombasIe-cn-Xaîntois,Dombasle-en-Xaintois,,modern name
202,Dombasle-devanl-Darney,Dombasle-devant-Darney,,modern name
202,Dombrol-sur-Vair,Dombrot-sur-Vair,,modern name
202,Dommanin-sur-Vrainc,Dommartin-sur-Vraine,,scan
202,Dommarlin-aux-Bois,Dommartin-aux-Bois,,modern name
202,Dommarlin-lcs-Ville,Dommartin-lès-Ville,,modern name
202,Dompairc,Dompaire,,modern name
202,Dompccvrin,Dompcevrin,,modern name
202,Domévrc-sous-Montfort,Domévre-sous-Montfort,,modern name
202,Domévrc-sur-Avière,Domévre-sur-Avière,,modern name
203,Domptail-en-1'Air,Domptail-en-l'Air,,modern name
203,Domvallicr,Domvallier,,modern name
203,Donsicders,Donsieders,,modern name
203,Eberswillcr,Eberswiller,,scan
204,Einarizhauscn,Einartzhausen,,scan
204,Einvillc,Einville,,scan
204,Eloycs,Eloyes,,modern name
204,Embermcnii,Emberménil,,modern name
204,Emmcrsweiler,Emmersweiler,,modern name
204,Enchcnbcrg,Enchenberg,,modern name
204,Epange [3],Epange,,scan
204,Ëlvangc,Ëlvange,,modern name
205,Erbringcn,Erbringen,,modern name
205,Eschwillcr,Eschwiller,,scan
205,Eslcy,Esley,,modern name
205,Essegncy,Essegney,,modern name
205,Essey-Iés-ISancy,Essey-lès-Nancy,,scan
205,Essey-la-CôtC,Essey-la-Côte,,scan
205,Essey-la-Côte; <„anton de Gerbéviller,Essey-la-Côte,,scan
205,Etanchc,L'Etanche,,scan
205,Etzcling,Etzeling,,scan
205,Euvczin,Euvezin,,modern name
205,Evaux-ct-Ménil,Evaux-et-Ménil,,modern name
206,Et/ch,Eich,,scan
206,Eymngcn,Eyningen,,scan
206,Faings-Polots (les)» ham,Les Faings-Polots,,scan
206,Faucompicrre,Faucompierre,,modern name
206,Faycmont,Fayemont,,scan
206,Fcchingcn,Fechingen,,modern name
206,Fcrdrupt,Ferdrupt,,modern name
207,Fcrricres,Ferrières,,modern name
207,Fey-cn-Haye,Fey-en-Haye,,modern name
207,Fiavigny-sur-Moselle,Flavigny-sur-Moselle,,scan
207,Fiircy,Flirey,,scan
207,FilstrofT,Filstroff,,modern name
207,Fiorémont,Florémont,,modern name
207,Flaslroiï,Flastroff,,scan
207,Folpcrswillcr,Folperswiller,,scan
207,Fomercy,Fomerey,,modern name
208,Fontcnelle,Fontenelle,,scan
208,Fontcnoy-Ia-Joute,Fontenoy-la-Joute,,modern name
208,Fontcnoy-lc-Châtcau,Fontenoy-le-Château,,modern name
208,Fouchîfol,Fouchifol,,scan
209,Fougerollcs,Fougerolles,,modern name
209,Franc-Chazcau,Franc-Chazeau,,scan
209,Fraulaulcrn,Fraulautern,,scan
209,Freislroff,Freistroff,,modern name
209,Fremmesdr' v:-»m. de Rehlingen,Fremmesdorf,,scan
209,FrenelIc-la-Grande,Frenelle-la-Grande,,modern name
209,Fréinestroff,Frémestroff,,modern name
209,Frémonvillc,Frémonville,,modern name
210,Frcnelle-la-Petile,Frenelle-la-Petite,,modern name
210,Fruzc,Fruze,,modern name
210,Fursehweiler,Furschweiler,,scan
210,Fùrwciler,Fùrweiler,,modern name
210,Gclvécourt-ct-Adompt,Gelvécourt-et-Adompt,,modern name
210,Gébcourt,Gélacourt,,scan
210,Heckcnransbach,Heckenransbach,,modern name
210,HelslrofF,Helstroff,,modern name
211,Gcrardmer,Gérardmer,,modern name
211,Gcrmonville,Germonville,,modern name
211,Gerbamonl,Gerbamont,,modern name
211,Gerbécourt-ct-Iîaplemont,Gerbécourt-et-Haplemont,,scan
211,Gezoneourt,Gezoncourt,,modern name
211,Girompairc,Girompaire,,scan
211,GémonviUe,Gémonville,,scan
212,Girovillcrs-sous-llontfort,Girovillers-sous-Montfort,,scan
212,Glonvîlle,Glonville,,scan
212,Godchurc,Godchure,,scan
212,Golbcy,Golbey,,modern name
212,GoldlKtch,Goldbach,,scan
212,Gommelangc,Gommelange,,scan
212,Gondrcville,Gondreville,,modern name
212,Gondrcxon,Gondrexon,,modern name
212,Gouécoun,Gouécourt,,scan
212,Govillcr,Goviller,,modern name
212,Gîronville,Gironville,,scan
213,"(jranduoyain*, bailliage d'Apremont","Grandvoysin, bailliage d'Apremont",,scan
213,Grand-Yezin,Grand-Vezin,,scan
213,Grandvillcrs,Grandvillers,,modern name
213,Grindorflf,Grindorff,,scan
213,Gros-Kédercbing,Gros-Réderching,,scan
213,Gucndersberg,Guendersberg,,scan
213,Guebcnbausen,Guebenhausen,,scan
213,GuénestrolT,Guénestroff,,scan
214,Guemviller,Guenviller,,modern name
214,Gugnéccurl,Gugnécourt,,modern name
214,Guisingen,Guising,,scan
214,Hailigny-lcz-Verrières,Hadigny-lez-Verrières,,scan
215,HaMeure,Hallieure,,scan
215,Halslroff,Halstroff,,modern name
215,Hamonvillc,Hamonville,,modern name
215,Haréville-sous-Monlforl,Haréville-sous-Montfort,,scan
215,La Hardallc,La Hardalle,,scan
215,Mailing,Halling,,scan
216,Har^arien,Hargarten,,scan
216,Hargarien-aux-Mines,Hargarten-aux-Mines,,scan
216,Hattonchâtcl,Hattonchâtel,,modern name
216,Hellendoriï,Hellendorff,,scan
216,Hémcring,Hémering,,modern name
217,Heiiselhofen,Henselhofen,,scan
217,Henrieel,Henricel,,scan
217,Herbemoui,Herbémont,,scan
217,Hergugncy,Hergugney,,modern name
217,Herpctmont,Herpelmont,,modern name
218,Hin/in?,Hinzing,,scan
218,Hobc-Wcyersberg,Hohe-Weyersberg,,scan
218,Hoimnarting,Hommarting,,scan
218,Hombourg-Ilatit,Hombourg-Haut,,scan
219,Hotiwiller,Hottwiller,,scan
219,Houdricbalel,Houdrichatel,,scan
219,Hudivillcr,Hudiviller,,modern name
219,Igncy,Igney,,modern name
219,Ihïitenhauscn,Hültenhausen,,scan
219,Imshuchc?rtof,Imsbacherhof,,scan
219,Ingliug,Ingling,,scan
220,Jcvoncourt,Jevoncourt,,modern name
220,Joiivct,Jolivet,,modern name
220,Joncy,Jorxey,,scan
220,Jouy-sous-lcs-Côtes,Jouy-sous-les-Côtes,,modern name
220,Jussampt,Jussarupt,,scan
221,Kallzweiller,Kaltzweiller,,scan
221,Kaltenliausen,Kaltenhausen,,scan
221,Kcuchingen,Keuchingen,,modern name
221,Kerbaeb,Kerbach,,modern name
221,Kerling-lès-Sierek,Kerling-lès-Sierck,,modern name
221,Kerlingcn,Kerlingen,,scan
221,Kerperieh-ilemmersdorf,Kerperich-Hemmersdorf,,scan
221,Kilzing,Kitzing,,modern name
221,Kirsclinaumen,Kirschnaumen,,modern name
221,Kirseh-lês-Sicrek,Kirsch-lês-Sierck,,modern name
221,Klang. vil,Klang,,scan
221,Kleinblittcrsdorf,Kleinblittersdorf,,modern name
221,Kédangc,Kédange,,modern name
222,Kontz-llauic,Kontz-Haute,,scan
222,Lachambrc,Lachambre,,modern name
222,Lailre-sous-Amance,Laitre-sous-Amance,,modern name
222,Lambaeh,Lambach,,modern name
222,Landrefang,Laudrefang,,modern name
223,Laneiivelotie,Laneuvelotte,,scan
223,Laneuvcville-aux-Bois,Laneuveville-aux-Bois,,scan
223,Laneuvcville-aux-Bois',Laneuveville-aux-Bois,,modern name
223,Laneuvevillc-devant-Naney,Laneuveville-devant-Nancy,,modern name
223,Laneuveville-devam-Bayon,Laneuveville-devant-Bayon,,scan
223,LaunstrofT,Launstroff,,modern name
223,Lavcline-du-Iloux,Laveline-du-Houx,,scan
223,Laycgotttlc,Layegoutte,,scan
223,Lcgéville-cl-Bonfays,Légéville-et-Bonfays,,modern name
223,Lcintrey,Leintrey,,modern name
223,Lebcuville,Lebeuville,,modern name
223,Leidingcn,Leidingen,,scan
224,Lcnoncourt,Lenoncourt,,modern name
224,Lcrnainvillc,Lemainville,,modern name
224,Lcrouville,Lérouville,,modern name
224,Lemcstroff,Lemestroff,,modern name
224,Lengelsbcim,Lengelsheim,,modern name
224,Levai,Leval,,scan
224,Lezcy,Lezey,,modern name
224,Libdcau,Libdeau,,scan
224,Lidrcquin,Lidrequin,,modern name
224,Lidrczing,Lidrezing,,modern name
224,Liedcrscheidt,Liederscheidt,,scan
224,Lixing-lcs-Laning,Lixing-lès-Laning,,scan
224,Lépangc,Lépange,,scan
224,Lépangcs,Lépanges,,scan
224,Létrayc,Létraye,,scan
225,Liesstcrthah office de Schambourg,"Liessterthal, office de Schambourg",,scan
225,Limbacb,Limbach,,modern name
225,Lindrc-Hautc,Lindre-Haute,,modern name
225,Lindre-Bassc,Lindre-Basse,,modern name
225,Lindschcid,Lindscheid,,modern name
225,Lion-devanî-Dun,Lion-devant-Dun,,scan
225,Lièpvrc,Lièpvre,,modern name
225,Longcroyc,Longeroye,,scan
225,Loro-Monlzey,Loro-Montzey,,modern name
225,Loucbamp,Lonchamp,,scan
225,Loulzwiller,Loutzwiller,,scan
226,Loudrcfing,Loudrefing,,modern name
226,Louircmange,Loutremange,,scan
226,Louvicrc,Louvière,,scan
226,Lubccourt,Lubécourt,,modern name
226,Luccy,Lucey,,modern name
226,LunévîHc,Lunéville,,modern name
226,Lupcouri,Lupcourt,,scan
226,Magnién's,Magnières,,scan
226,Maidiures,Maidières,,scan
226,MainviHers,Mainvillers,,modern name
226,Maisons-de-Raon. ce,"Maisons-de-Raon, éc.",,scan
226,Mnilleronfaing,Mailleronfaing,,scan
226,Muiîeeourt,Madecourt,,scan
227,Mailing,Malling,,scan
227,Mandre-Ia-Pclite,Mandre-la-Petite,,scan
227,Manheullcs,Manheulles,,modern name
227,Manoncourt-en-Vcrmois,Manoncourt-en-Vermois,,modern name
227,Manoncourt-en-Voivrc,Manoncourt-en-Voivre,,scan
227,Marangc-Zondrangc,Marange-Zondrange,,modern name
227,Marbottc,Marbotte,,modern name
227,Marienflosse. moulin,"Marienflosse, moulin",,scan
227,Maîzcy,Maizey,,modern name
228,Maison,Marson,,scan
228,Maltaincourt,Mattaincourt,,modern name
228,Marthcmoni,Marthemont,,scan
228,Marzclay,Marzelay,,modern name
228,Mazcville,Mazeville,,scan
228,Mazerulcs,Mazerules,,scan
228,Mcchcrn,Mechern,,scan
228,Méligny-Ie-Giand,Méligny-le-Grand,,modern name
228,Méligny-Ie-Petit,Méligny-le-Petit,,modern name
229,Mcnningen,Menningen,,modern name
229,Méni!-la-Tour,Ménil-la-Tour,,modern name
229,Ménil-en-Xaînlois,Ménil-en-Xaintois,,modern name
229,Mérévilîc,Méréville,,modern name
230,Le Monccl,Le Moncel,,scan
230,Mclzcresche,Metzeresche,,modern name
230,Mcrtcn,Merten,,modern name
230,Mctrich,Métrich,,modern name
230,Meillach,Mettlach,,scan
230,Meizing,Metzing,,scan
230,Messcin,Messein,,modern name
230,Mexel,Mexet,,scan
230,Mignévillc,Mignéville,,modern name
230,Mitiel-Bollenbacli,Mittel-Bollenbach,,scan
230,Mitlelbronn,Mittelbronn,,modern name
230,Moincvillc,Moineville,,modern name
230,idontctair,Montclair,,scan
231,Les Monnclotz,Les Monnelotz,,scan
231,Moncel-îès-Marchéville,Moncel-lès-Marchéville,,scan
231,Monihureux-sur-Saône,Monthureux-sur-Saône,,scan
231,Monlbronn,Montbronn,,scan
231,Monlhairons,Monthairons,,scan
231,Montmotler,Montmotier,,modern name
232,Morclrnaison,Morelmaison,,modern name
232,Morhangc,Morhange,,modern name
232,Morlagnc,Mortagne,,modern name
232,Morlangc,Morlange,,modern name
232,Mortagnc,Mortagne,,scan
232,Morvilie-sur-Scille,Morville-sur-Seille,,modern name
232,Mouterhatisen,Mouterhausen,,scan
232,Moycmont,Moyemont,,modern name
232,Moyenmnulicr,Moyenmoutier,,modern name
233,Ncu-Forweiler,Neu-Forweiler,,scan
233,Nculgrange,Neufgrange,,modern name
233,Neudlangc,Neudlange,,scan
233,Neufchâleau,Neufchâteau,,modern name
233,Neuvcville,Neuveville,,scan
234,La Ncuw'Y ille-ct-Grémoménil,La Neuveville-et-Grémoménil,,scan
234,La NeuveviHc-souis-Montfort,La Neuveville-sous-Montfort,,scan
234,Nctivillcr-sur-Mosdlc,Neuviller-sur-Moselle,,scan
234,NcuveviMc-lez-Raon,Neuveville-lez-Raon,,scan
234,NcuvilIer-sur-Favc,Neuviller-sur-Fave,,scan
234,Ncyvillers,Neyvillers,,scan
234,Neuveville-sous-Ch5tenois,Neuveville-sous-Châtenois,,scan
234,NicdaltdoK,Niedaltdorf,,scan
234,Nicdcrgailbach,Niedergailbach,,modern name
234,Nidcrwisse,Niderwisse,,scan
234,Nidervillcr,Niderviller,,scan
234,Nidervillcr',Niderviller',,modern name
234,Niedersimtenou Obersimlen,Niedersimten ou Obersimten,,scan
234,Nillel,Nittel,,modern name
234,Nitling,Nitting,,modern name
234,Nîdcck,Nideck,,scan
235,Noiregoutlc,Noiregoutte,,scan
235,Nompatclize,Nompatelize,,modern name
235,Nonviile,Nonville,,modern name
235,Norihen,Northen,,scan
235,Norroy-Ie-Veneur,Norroy-le-Veneur,,modern name
235,Noussewiller lès-Putlelange,Noussewiller lès-Puttelange,,scan
235,Ohcrperî,Oberperl,,modern name
236,OEIIcville,OElleville,,modern name
236,Obeistiinbach,Obersteinbach,,scan
236,Offroieourl,Offroicourt,,modern name
236,Ognévillc,Ognéville,,modern name
236,Oncourl,Oncourt,,modern name
236,Onnerswiller,Ormerswiller,,scan
236,Onnes-ct-Viï!ï'; canton d'Ilaroué,Ormes-et-Ville,,scan
236,Orioncourt,Ortoncourt,,scan
236,Osenbaeh,Osenbach,,scan
236,Oulrancourt,Outrancourt,,modern name
236,Oulrclean,Outreleau,,scan
237,Outrcmonl,Outremont,,scan
237,Pachlen,Pachten,,modern name
237,Pairc-el-Grandrupt,Paire-et-Grandrupt,,scan
237,Pallegncy,Pallegney,,modern name
237,Parey-sous-Monlfort,Parey-sous-Montfort,,modern name
237,Passoncourl,Passoncourt,,modern name
237,Pelite-Rosselle,Petite-Rosselle,,modern name
237,Petil-Ei>ci>willer,Petit-Eberswiller,,scan
237,Petite-Fosse ;la),La Petite-Fosse,,scan
238,Pciil-Kombach,Petit-Rombach,,scan
238,Pelil-Bcderchimj,Petit-Rederching,,scan
238,Petil-Tenquin,Petit-Tenquin,,modern name
238,Phalstourg. eh.-l. de canton,Phalsbourg,,scan
238,Picrrevillc,Pierreville,,modern name
238,Pierreponl,Pierrepont,,scan
238,Pirmascns,Pirmasens,,modern name
238,Pixerécourl,Pixerécourt,,modern name
238,Plaînfaing,Plainfaing,,scan
239,Ponl-tei-Bonfays,Pont-lez-Bonfays,,scan
239,Ponlpierre,Pontpierre,,modern name
239,Pont-sur-Hadon,Pont-sur-Madon,,scan
239,Pournoy-la-Chélive,Pournoy-la-Chétive,,modern name
239,Prclle,Prelle,,scan
240,Pulligny,Puttigny,479,modern name
240,Pultelange-lès-Sarralbe,Puttelange-lès-Sarralbe,,scan
240,Putlegney,Puttegney,,scan
240,Racécourl,Racécourt,,modern name
240,Rainbucouri,Rambucourt,,scan
241,R.'benville,Rébeuville,,modern name
241,Ransctiborn,Ranschborn,,scan
241,Rantmelfangen,Rammelfangen,,scan
241,Rantse/iidt,Rantschidt,,scan
241,Raon-l'Eiape,Raon-l'Etape,,scan
241,Rathcn,Rathen,,modern name
241,Raulccourt,Raulecourt,,modern name
241,Reblangollc,Reblangotte,,scan
241,Regniévillc,Regniéville,,modern name
242,Reitseheid,Reitscheid,,modern name
242,Rémclfang,Rémelfang,,modern name
242,Rémcring,Rémering,,modern name
243,Rcssoneourt,Ressoncourt,,scan
243,Relhei,Rethel,,scan
243,Ricbeling,Richeling,,modern name
243,Rohrbaeh,Rohrbach,,modern name
243,Rollamville,Rollainville,,modern name
243,Rîchecourt,Richecourt,,scan
244,Itue-devant-Dompaire,Rue-devant-Dompaire,,scan
244,Le Kouaux,Le Rouaux,,scan
244,Rosbruch,Rosbruck,,modern name
244,Rosière i la] ou Larosière,Rosière (la) ou Larosière,,scan
244,Rougevîlle,Rougeville,,scan
244,Roupeldauge,Roupeldange,,modern name
244,Rouvres-cn-Xaintois,Rouvres-en-Xaintois,,modern name
244,Rouvrois-sur-Mcuse,Rouvrois-sur-Meuse,,modern name
244,Rozeroile,Rozerotte,,scan
244,Rozérietilles,Rozérieulles,,scan
244,Rûsîéres-aux-Saiines,Rosières-aux-Salines,,scan
245,Hiol,Riol,,scan
245,Rue-sous-llarol,Rue-sous-Harol,,scan
245,Saarec! e,Saareck,,scan
245,Salivai,Salival,,modern name
245,Sam-bey,Sanchey,,scan
246,Sapais,Sapois,,modern name
246,SarrallK?,Sarralbe,,scan
246,Searapt,Scarupt,,scan
247,Scbweyen,Schweyen,,modern name
247,Schweii,Schweix,,scan
247,Sehorbach,Schorbach,,modern name
247,Seie-Brabant,Scie-Brabant,,scan
247,Selaineourt,Selaincourt,,modern name
247,Sereoeur,Sercœur,,scan
247,Shweich-Haussen.Voy. Waeh-llaussen,Shweich-Haussen.Voy. Wach-Haussen,,scan
248,Siersihal,Siersthal,,scan
248,Soeourt,Socourt,,modern name
248,Somir.erviller,Sommerviller,,scan
248,Sommerécoun,Sommerécourt,,scan
248,Sotzeiing,Sotzeling,,modern name
248,Souveraincourl,Souveraincourt,,scan
248,Spadangea,Spadanges,,scan
248,Spickeren ou Speichercn,Spickeren ou Speicheren,,scan
248,Spilzemberg,Spitzemberg,,scan
248,Sterek-Hauie,Sierck-Haute,,scan
249,Saint-Basiemonl,Saint-Baslemont,,modern name
249,Saint-Biaise,Saint-Blaise,,modern name
249,Saint-Boiug,Saint-Boing,,scan
249,Stanuemiein,Stanwenstein,,scan
249,Steinbacb,Steinbach,,modern name
249,Stoneourt,Stoncourt,,modern name
250,Sainl-Mard,Saint-Mard,,modern name
250,Saint-Jcan-lès-Buzy,Saint-Jean-lès-Buzy,,modern name
250,Saint-Jean-du-Marehé,Saint-Jean-du-Marché,,modern name
250,Saïnt-Jure,Saint-Jure,,scan
250,Suiiit-Gangolph',Saint-Gangolph,,scan
251,Sainl-Prancher,Saint-Prancher,,modern name
251,Sainl-Prayel,Saint-Prayel,,scan
251,Saint-Rcmy,Saint-Remy,,scan
252,La Terre Faulquei,La Terre Faulquet,,scan
252,Saintc-Marie-aux-Mines,Sainte-Marie-aux-Mines,,modern name
252,Tanton »lle,Tantonville,,scan
252,Tatignécourl,Tatignécourt,,modern name
252,Thelcy,Theley,,modern name
252,Téling,Téting,,modern name
253,Thin'ville,Thiriville,,scan
253,Thiraucourl,Thiraucourt,,modern name
253,Thisserandie,La Thisserandie,,scan
253,Tholcy,Tholey,,modern name
253,Thuilley-aux-Groseillcs,Thuilley-aux-Groseilles,,modern name
253,Thunimonl. ham,Thunimont,,scan
253,Tolainviltc,Totainville,,modern name
254,Nicder-Sauhach,Nieder-Saubach,,modern name
254,Trouchc,Trouche,,scan
254,Trougcmont,Trougemont,,scan
255,Valfroieourt,Valfroicourt,,modern name
256,Vaux-Ia-Petite,Vaux-la-Petite,,modern name
256,Vcnlron,Ventron,,modern name
256,Velolie-et-Tatignécourt,Velotte-et-Tatignécourt,,scan
257,Verluzey,Vertuzey,,modern name
257,Vienvilte,Vienville,,modern name
257,VigneulIes-lès-Hatloncliâtcl. ch.-l. de canton,Vigneulles-lès-Hattonchâtel,,scan
257,Villacourf,Villacourt,,modern name
257,Villc-en-Vcrmoîs,Ville-en-Vermois,,modern name
257,Viéville-sous-lcs-Côles,Viéville-sous-les-Côtes,,modern name
258,Villcrs-Stoncourt,Villers-Stoncourt,,modern name
258,Villcrs-cn-Haye,Villers-en-Haye,,modern name
258,Villers-Beltnach,Villers-Bettnach,,modern name
258,Villers-Iès-Moivron,Villers-lès-Moivron,,scan
258,Villey-Saint-Etiennc,Villey-Saint-Etienne,,modern name
259,La Voïvrelle,La Voivrelle,,scan
259,Villel,Vittel,,modern name
259,Viméni),Viménil,,modern name
259,Vitiersbourg,Vittersbourg,,scan
259,Voelfling,Vœlfling,,scan
259,Void-de-Girancourl,Void-de-Girancourt,,scan
259,Vomécourl,Vomécourt,,scan
260,VVallerfangen (Vaudrevange),Wallerfangen (Vaudrevange),,scan
260,Vroncourl,Vroncourt,,modern name
260,Wchingen,Wehingen,,modern name
260,Wciler,Weiler,,modern name
260,WeUftrhaus,Weillerhaws,,scan
260,Weidcsheim,Weidesheim,,modern name
261,Weilen,Weiten,,scan
261,Wicsbach,Wiesbach,,modern name
261,WiilervUle,Willerville,,scan
261,Xennoîs,Xennois,,scan
262,Zainvillcr,Zainviller,,scan
262,Zcllen,Zellen,,scan
262,Zimmerbacb,Zimmerbach,,modern name
262,Zondrangc,Zondrange,,scan
