id,name_ja
bailiwick-allemagne,ドイツ・バイイ管区
court-perl,ペルル裁判区
bailiwick-apremont,アプルモン・バイイ管区
bailiwick-chatel-sur-moselle,シャテル＝シュル＝モゼル・バイイ管区
bailiwick-epinal,エピナル・バイイ管区
bailiwick-hattonchatel,アットンシャテル・バイイ管区
bailiwick-nancy,ナンシー・バイイ管区
bailiwick-vaudemont,ヴォーデモン・バイイ管区
bailiwick-vosges,ヴォージュ・バイイ管区
ban-anould,アヌーのバン
ban-arches,アルシュのバン
ban-ban-le-duc,クレフシーの公爵のバン
ban-bayecourt,バイユクールのバン
ban-bellefontaine,ベルフォンテーヌのバン
ban-belmont,ベルモンのバン
ban-bouxieres,ブクシエールのバン
ban-clefcy,クレフシーのバン
ban-escles,エクルのバン
ban-etival,エティヴァルのバン
ban-fraize,フレーズのバン
ban-girancourt,ジランクールのバン
ban-grandvillers-et-dompierre,グランヴィレール・ドンピエールのバン
ban-harol,アロルのバン
ban-longchamp,ロンシャンのバン大村長区
ban-madonne,マドンヌのバン
ban-maizey,メゼーのバン
ban-molin,モランのバン
ban-ramonchamp,ラモンシャンのバン大村長区
ban-sainct-pierre,サン＝ピエールのバン
ban-saint-die,サン＝ディエのバン
ban-sardey,サルデーのバン
ban-sept,セのバン
ban-taintrux,タントリュのバン
ban-tendon,タンドンのバン
ban-uxegney,ユクスニーのバン
ban-vagney,ヴァニーのバン
ban-vaudicourt,ヴォーディクールのバン
castellany-conde-et-val-des-faulx,コンデ・ヴァル・デ・フォー城代管区
castellany-dieuze,ディウーズ城代管区
castellany-hombourg-et-saint-avold,オンブール・サン＝タヴォルド城代管区
castellany-marimont,マリモン城代管区
county-blamont,ブラモン伯領
county-chaligny,シャリニー伯領
county-vaudemont,ヴォーデモン伯領
district-bainville-aux-miroirs,バンヴィル＝オー＝ミロワール管区
district-beaurains,ベールス管区
district-bitche,ビッシュ管区
district-blamont,ブラモン管区
district-faulquemont,フォルクモン管区
district-forbach,フォルバック管区
district-merzig,メルツィヒ管区
district-morhange,モランジュ管区
district-phalsbourg,ファルスブール管区
district-puttelange,ピュトランジュ管区
district-raon-l-etape,ラオン＝レタップ管区
district-saargau,ザールガウ管区
district-saint-hippolyte,サン＝ティポリット管区
district-sarralbe,サラルブ管区
district-sarreck,サレック管区
district-soultzbach,スルツバック管区
district-spitzemberg,スピッツァンベール管区
duchy-lorraine,ロレーヌ公国
fief-keltern-ostern,ケルテルン＝オステルン封土
lordship-beaurains,ベールス領
lordship-bitche,ビッシュ領
lordship-commercy,コメルシー領
lordship-deneuvre,ドゥヌーヴル領
lordship-faucompierre,フォコンピエール領
lordship-faulquemont,フォルクモン領
lordship-fontenoy-le-chateau,フォントノワ＝ル＝シャトー領
lordship-forbach,フォルバック領
lordship-hey,エ領
lordship-hombourg-et-saint-avold,オンブール・サン＝タヴォルド領
lordship-l-alleu,ラルー領
lordship-l-avant-garde,ラヴァン＝ギャルド領
lordship-le-chatelet,ル・シャトレ領
lordship-morhange,モランジュ領
lordship-phalsbourg,ファルスブール領
lordship-pierrefort,ピエールフォール領
lordship-puttelange,ピュトランジュ領
lordship-sarralbe,サラルブ領
lordship-sarreck,サレック領
lordship-spitzemberg,スピッツァンベール領
lordship-varsberg,ヴァルスベルグ領
lordship-warde-de-wisembach,ヴィザンバックのワルド領
lordship-warde-du-saulcy,ソシーのワルド領
mayoralty-altheim,アルタイム村長区
mayoralty-bertrimoutier,ベルトリムティエ村長区
mayoralty-berungen,ビナン村長区
mayoralty-bousseviller,ブスヴィレール村長区
mayoralty-hilsperg,ヒルスペルグ村長区
mayoralty-longchamp,ロンシャン村長区
mayoralty-mandray,マンドレ村長区
mayoralty-meurthe,ムルト村長区
mayoralty-rolbing,ロルバン村長区
mayoralty-sainte-marguerite,サント＝マルグリット村長区
mayoralty-schorbach,ショルバック村長区
mayoralty-steimbach,シュタンバック村長区
mayoralty-usuaires,ユズエール村長区
mayoralty-walschbronn,ヴァルシュブロン村長区
office-boulay,ブーレ管区
office-sarreguemines,サルグミーヌ管区
office-schaumbourg,シャウムブルク管区
office-siersberg,ジールスブルク管区
office-vaudrevange,ヴァラーファンゲン管区
provostship-amance,アマンス代官区
provostship-arches,アルシュ代官区
provostship-azerailles,アズライユ代官区
provostship-bruyeres,ブリュイエール代官区
provostship-charmes,シャルム代官区
provostship-chatenois-et-neufchateau,シャトノワ・ヌフシャトー代官区
provostship-conde-sierck,コンデ代官区
provostship-darney,ダルネ代官区
provostship-deneuvre,ドゥヌーヴル代官区
provostship-dompaire-et-valfroicourt,ドンペール・ヴァルフロワクール代官区
provostship-einville,アンヴィル代官区
provostship-gondreville,ゴンドルヴィル代官区
provostship-keltern-ostern,ケルテルン＝オステルン代官区
provostship-luneville,リュネヴィル代官区
provostship-mirecourt-et-remoncourt,ミルクール・ルモンクール代官区
provostship-nancy,ナンシー代官区
provostship-preny,プレニー代官区
provostship-rimling,リムラン代官区
provostship-rosieres,ロジエール代官区
provostship-saint-die,サン＝ディエ代官区
provostship-sierck,シールク代官区
provostship-sierck-prevote-propre,シールク本代官区
provostship-tantimont,タンティモン代官区
sub-provostship-sierck,シールク副代官区
temporality-abbey-saint-avold,サン＝タヴォルド修道院領
town-district-marsal,マルサル都市管区
town-district-sarrebourg,サールブール都市管区
val-ajol,アジョル谷区
val-harol,アロル谷区
val-liepvre,リエップヴル谷区
ban-hurbache,ユルバッシュのバン
mayoralty-laveline,ラヴリーヌ村長区
